{
	"credit": "Made with Blockbench",
	"textures": {
		"0": "item/T4",
		"particle": "item/T4"
	},
	"elements": [
		{
			"from": [8, 2.8, 1.9],
			"to": [8.5, 3.3, 4.5],
			"faces": {
				"north": {"uv": [0, 0, 0.5, 0.5], "texture": "#0"},
				"east": {"uv": [11, 15, 16, 16], "texture": "#0"},
				"south": {"uv": [0, 0, 0.5, 0.5], "texture": "#0"},
				"west": {"uv": [7, 14.9, 12, 15.9], "texture": "#0"},
				"up": {"uv": [0, 11, 1, 16], "texture": "#0"},
				"down": {"uv": [15, 11, 16, 16], "texture": "#0"}
			}
		},
		{
			"from": [8.05, 2.85, 0.35],
			"to": [8.45, 3.25, 2.05],
			"rotation": {"angle": 0, "axis": "y", "origin": [0, 0, -1.6]},
			"faces": {
				"north": {"uv": [0, 0, 1, 1], "texture": "#0"},
				"east": {"uv": [0, 15, 4, 16], "texture": "#0"},
				"south": {"uv": [0, 0, 1, 1], "texture": "#0"},
				"west": {"uv": [0, 15, 4, 16], "texture": "#0"},
				"up": {"uv": [0, 0, 1, 4], "texture": "#0"},
				"down": {"uv": [15, 4, 16, 8], "texture": "#0"}
			}
		},
		{
			"from": [8, 3.3, 2.35],
			"to": [8.5, 3.5, 2.5],
			"faces": {
				"north": {"uv": [0, 0, 0.5, 0.2], "texture": "#0"},
				"east": {"uv": [0, 0, 0.15, 0.2], "texture": "#0"},
				"south": {"uv": [0, 0, 0.5, 0.2], "texture": "#0"},
				"west": {"uv": [0, 0, 0.15, 0.2], "texture": "#0"},
				"up": {"uv": [0, 0, 0.5, 0.15], "texture": "#0"},
				"down": {"uv": [0, 0, 0.5, 0.15], "texture": "#0"}
			}
		},
		{
			"from": [8.5, 2.8, 2.35],
			"to": [8.7, 3.3, 2.5],
			"faces": {
				"north": {"uv": [0, 0, 0.2, 0.5], "texture": "#0"},
				"east": {"uv": [0, 0, 0.15, 0.5], "texture": "#0"},
				"south": {"uv": [0, 0, 0.2, 0.5], "texture": "#0"},
				"west": {"uv": [0, 0, 0.15, 0.5], "texture": "#0"},
				"up": {"uv": [0, 0, 0.2, 0.15], "texture": "#0"},
				"down": {"uv": [0, 0, 0.2, 0.15], "texture": "#0"}
			}
		},
		{
			"from": [8, 3.38, 2],
			"to": [8.5, 3.43, 2.35],
			"faces": {
				"north": {"uv": [0, 0, 0.5, 0.05], "texture": "#0"},
				"east": {"uv": [0, 0, 0.35, 0.05], "texture": "#0"},
				"south": {"uv": [0, 0, 0.5, 0.05], "texture": "#0"},
				"west": {"uv": [0, 0, 0.35, 0.05], "texture": "#0"},
				"up": {"uv": [0, 0, 0.5, 0.35], "texture": "#0"},
				"down": {"uv": [0, 0, 0.5, 0.35], "texture": "#0"}
			}
		},
		{
			"from": [8, 3.4, 2.5],
			"to": [8.5, 3.5, 3],
			"faces": {
				"north": {"uv": [0, 0, 0.5, 0.1], "texture": "#0"},
				"east": {"uv": [0, 0, 0.5, 0.1], "texture": "#0"},
				"south": {"uv": [0, 0, 0.5, 0.1], "texture": "#0"},
				"west": {"uv": [0, 0, 0.5, 0.1], "texture": "#0"},
				"up": {"uv": [0, 0, 0.5, 0.5], "texture": "#0"},
				"down": {"uv": [0, 0, 0.5, 0.5], "texture": "#0"}
			}
		},
		{
			"from": [8, 3.3, 3],
			"to": [8.5, 3.5, 3.1],
			"faces": {
				"north": {"uv": [0, 0, 0.5, 0.2], "texture": "#0"},
				"east": {"uv": [0, 0, 0.1, 0.2], "texture": "#0"},
				"south": {"uv": [0, 0, 0.5, 0.2], "texture": "#0"},
				"west": {"uv": [0, 0, 0.1, 0.2], "texture": "#0"},
				"up": {"uv": [0, 0, 0.5, 0.1], "texture": "#0"},
				"down": {"uv": [0, 0, 0.5, 0.1], "texture": "#0"}
			}
		},
		{
			"from": [8, 3.4, 3.1],
			"to": [8.5, 3.5, 3.6],
			"faces": {
				"north": {"uv": [0, 0, 0.5, 0.1], "texture": "#0"},
				"east": {"uv": [0, 0, 0.5, 0.1], "texture": "#0"},
				"south": {"uv": [0, 0, 0.5, 0.1], "texture": "#0"},
				"west": {"uv": [0, 0, 0.5, 0.1], "texture": "#0"},
				"up": {"uv": [0, 0, 0.5, 0.5], "texture": "#0"},
				"down": {"uv": [0, 0, 0.5, 0.5], "texture": "#0"}
			}
		},
		{
			"from": [8, 3.3, 3.6],
			"to": [8.5, 3.5, 3.7],
			"faces": {
				"north": {"uv": [0, 0, 0.5, 0.2], "texture": "#0"},
				"east": {"uv": [0, 0, 0.1, 0.2], "texture": "#0"},
				"south": {"uv": [0, 0, 0.5, 0.2], "texture": "#0"},
				"west": {"uv": [0, 0, 0.1, 0.2], "texture": "#0"},
				"up": {"uv": [0, 0, 0.5, 0.1], "texture": "#0"},
				"down": {"uv": [0, 0, 0.5, 0.1], "texture": "#0"}
			}
		},
		{
			"from": [8, 3.4, 3.7],
			"to": [8.5, 3.5, 4.2],
			"faces": {
				"north": {"uv": [0, 0, 0.5, 0.1], "texture": "#0"},
				"east": {"uv": [0, 0, 0.5, 0.1], "texture": "#0"},
				"south": {"uv": [0, 0, 0.5, 0.1], "texture": "#0"},
				"west": {"uv": [0, 0, 0.5, 0.1], "texture": "#0"},
				"up": {"uv": [0, 0, 0.5, 0.5], "texture": "#0"},
				"down": {"uv": [0, 0, 0.5, 0.5], "texture": "#0"}
			}
		},
		{
			"from": [8, 3.3, 4.2],
			"to": [8.5, 3.5, 4.3],
			"faces": {
				"north": {"uv": [0, 0, 0.5, 0.2], "texture": "#0"},
				"east": {"uv": [0, 0, 0.1, 0.2], "texture": "#0"},
				"south": {"uv": [0, 0, 0.5, 0.2], "texture": "#0"},
				"west": {"uv": [0, 0, 0.1, 0.2], "texture": "#0"},
				"up": {"uv": [0, 0, 0.5, 0.1], "texture": "#0"},
				"down": {"uv": [0, 0, 0.5, 0.1], "texture": "#0"}
			}
		},
		{
			"from": [8, 3.3, 4.6],
			"to": [8.5, 3.5, 6.8],
			"faces": {
				"north": {"uv": [0, 0, 0.5, 0.2], "texture": "#0"},
				"east": {"uv": [0, 0, 2.2, 0.2], "texture": "#0"},
				"south": {"uv": [0, 0, 0.5, 0.2], "texture": "#0"},
				"west": {"uv": [0, 0, 2.2, 0.2], "texture": "#0"},
				"up": {"uv": [0, 0, 0.5, 2.2], "texture": "#0"},
				"down": {"uv": [0, 0, 0.5, 2.2], "texture": "#0"}
			}
		},
		{
			"from": [8, 3.5, 4.8],
			"to": [8.5, 3.7, 4.9],
			"faces": {
				"north": {"uv": [0, 0, 0.5, 0.2], "texture": "#0"},
				"east": {"uv": [0, 0, 0.1, 0.2], "texture": "#0"},
				"south": {"uv": [0, 0, 0.5, 0.2], "texture": "#0"},
				"west": {"uv": [0, 0, 0.1, 0.2], "texture": "#0"},
				"up": {"uv": [0, 0, 0.5, 0.1], "texture": "#0"},
				"down": {"uv": [0, 0, 0.5, 0.1], "texture": "#0"}
			}
		},
		{
			"from": [8, 3.7, 4.8],
			"to": [8.5, 3.8, 6.3],
			"faces": {
				"north": {"uv": [0, 0, 0.5, 0.1], "texture": "#0"},
				"east": {"uv": [0, 0, 1.5, 0.1], "texture": "#0"},
				"south": {"uv": [0, 0, 0.5, 0.1], "texture": "#0"},
				"west": {"uv": [0, 0, 1.5, 0.1], "texture": "#0"},
				"up": {"uv": [0, 0, 0.5, 1.5], "texture": "#0"},
				"down": {"uv": [0, 0, 0.5, 1.5], "texture": "#0"}
			}
		},
		{
			"from": [8, 3.8, 5.8],
			"to": [8.5, 3.9, 6.3],
			"faces": {
				"north": {"uv": [0, 0, 0.5, 0.1], "texture": "#0"},
				"east": {"uv": [0, 0, 0.5, 0.1], "texture": "#0"},
				"south": {"uv": [0, 0, 0.5, 0.1], "texture": "#0"},
				"west": {"uv": [0, 0, 0.5, 0.1], "texture": "#0"},
				"up": {"uv": [0, 0, 0.5, 0.5], "texture": "#0"},
				"down": {"uv": [0, 0, 0.5, 0.5], "texture": "#0"}
			}
		},
		{
			"from": [8, 3.5, 6.3],
			"to": [8.5, 4, 6.6],
			"faces": {
				"north": {"uv": [0, 0, 0.5, 0.5], "texture": "#0"},
				"east": {"uv": [0, 0, 0.3, 0.5], "texture": "#0"},
				"south": {"uv": [0, 0, 0.5, 0.5], "texture": "#0"},
				"west": {"uv": [0, 0, 0.3, 0.5], "texture": "#0"},
				"up": {"uv": [0, 0, 0.5, 0.3], "texture": "#0"},
				"down": {"uv": [0, 0, 0.5, 0.3], "texture": "#0"}
			}
		},
		{
			"from": [8, 3.5, 6.6],
			"to": [8.5, 3.8, 6.7],
			"faces": {
				"north": {"uv": [0, 0, 0.5, 0.3], "texture": "#0"},
				"east": {"uv": [0, 0, 0.1, 0.3], "texture": "#0"},
				"south": {"uv": [0, 0, 0.5, 0.3], "texture": "#0"},
				"west": {"uv": [0, 0, 0.1, 0.3], "texture": "#0"},
				"up": {"uv": [0, 0, 0.5, 0.1], "texture": "#0"},
				"down": {"uv": [0, 0, 0.5, 0.1], "texture": "#0"}
			}
		},
		{
			"from": [8, 3.8, 5.3],
			"to": [8.5, 3.85, 5.8],
			"faces": {
				"north": {"uv": [0, 0, 0.5, 0.05], "texture": "#0"},
				"east": {"uv": [0, 0, 0.5, 0.05], "texture": "#0"},
				"south": {"uv": [0, 0, 0.5, 0.05], "texture": "#0"},
				"west": {"uv": [0, 0, 0.5, 0.05], "texture": "#0"},
				"up": {"uv": [0, 0, 0.5, 0.5], "texture": "#0"},
				"down": {"uv": [0, 0, 0.5, 0.5], "texture": "#0"}
			}
		},
		{
			"from": [8, 3.4, 4.3],
			"to": [8.5, 3.5, 4.5],
			"faces": {
				"north": {"uv": [0, 0, 0.5, 0.1], "texture": "#0"},
				"east": {"uv": [0, 0, 0.2, 0.1], "texture": "#0"},
				"south": {"uv": [0, 0, 0.5, 0.1], "texture": "#0"},
				"west": {"uv": [0, 0, 0.2, 0.1], "texture": "#0"},
				"up": {"uv": [0, 0, 0.5, 0.2], "texture": "#0"},
				"down": {"uv": [0, 0, 0.5, 0.2], "texture": "#0"}
			}
		},
		{
			"from": [8, 2.6, 4.3],
			"to": [8.5, 2.7, 4.5],
			"faces": {
				"north": {"uv": [0, 0, 0.5, 0.1], "texture": "#0"},
				"east": {"uv": [0, 0, 0.2, 0.1], "texture": "#0"},
				"south": {"uv": [0, 0, 0.5, 0.1], "texture": "#0"},
				"west": {"uv": [0, 0, 0.2, 0.1], "texture": "#0"},
				"up": {"uv": [0, 0, 0.5, 0.2], "texture": "#0"},
				"down": {"uv": [0, 0, 0.5, 0.2], "texture": "#0"}
			}
		},
		{
			"from": [8, 2.6, 4.2],
			"to": [8.5, 2.8, 4.3],
			"faces": {
				"north": {"uv": [0, 0, 0.5, 0.2], "texture": "#0"},
				"east": {"uv": [0, 0, 0.1, 0.2], "texture": "#0"},
				"south": {"uv": [0, 0, 0.5, 0.2], "texture": "#0"},
				"west": {"uv": [0, 0, 0.1, 0.2], "texture": "#0"},
				"up": {"uv": [0, 0, 0.5, 0.1], "texture": "#0"},
				"down": {"uv": [0, 0, 0.5, 0.1], "texture": "#0"}
			}
		},
		{
			"from": [8, 2.6, 3.7],
			"to": [8.5, 2.7, 4.2],
			"faces": {
				"north": {"uv": [0, 0, 0.5, 0.1], "texture": "#0"},
				"east": {"uv": [0, 0, 0.5, 0.1], "texture": "#0"},
				"south": {"uv": [0, 0, 0.5, 0.1], "texture": "#0"},
				"west": {"uv": [0, 0, 0.5, 0.1], "texture": "#0"},
				"up": {"uv": [0, 0, 0.5, 0.5], "texture": "#0"},
				"down": {"uv": [0, 0, 0.5, 0.5], "texture": "#0"}
			}
		},
		{
			"from": [8.6, 2.8, 3.7],
			"to": [8.7, 3.3, 4.2],
			"faces": {
				"north": {"uv": [0, 0, 0.1, 0.5], "texture": "#0"},
				"east": {"uv": [0, 0, 0.5, 0.5], "texture": "#0"},
				"south": {"uv": [0, 0, 0.1, 0.5], "texture": "#0"},
				"west": {"uv": [0, 0, 0.5, 0.5], "texture": "#0"},
				"up": {"uv": [0, 0, 0.1, 0.5], "texture": "#0"},
				"down": {"uv": [0, 0, 0.1, 0.5], "texture": "#0"}
			}
		},
		{
			"from": [8.6, 2.8, 3.1],
			"to": [8.7, 3.3, 3.6],
			"faces": {
				"north": {"uv": [0, 0, 0.1, 0.5], "texture": "#0"},
				"east": {"uv": [0, 0, 0.5, 0.5], "texture": "#0"},
				"south": {"uv": [0, 0, 0.1, 0.5], "texture": "#0"},
				"west": {"uv": [0, 0, 0.5, 0.5], "texture": "#0"},
				"up": {"uv": [0, 0, 0.1, 0.5], "texture": "#0"},
				"down": {"uv": [0, 0, 0.1, 0.5], "texture": "#0"}
			}
		},
		{
			"from": [8.6, 2.8, 2.5],
			"to": [8.7, 3.3, 3],
			"faces": {
				"north": {"uv": [0, 0, 0.1, 0.5], "texture": "#0"},
				"east": {"uv": [0, 0, 0.5, 0.5], "texture": "#0"},
				"south": {"uv": [0, 0, 0.1, 0.5], "texture": "#0"},
				"west": {"uv": [0, 0, 0.5, 0.5], "texture": "#0"},
				"up": {"uv": [0, 0, 0.1, 0.5], "texture": "#0"},
				"down": {"uv": [0, 0, 0.1, 0.5], "texture": "#0"}
			}
		},
		{
			"from": [8.5, 2.8, 4.2],
			"to": [8.7, 3.3, 4.3],
			"faces": {
				"north": {"uv": [0, 0, 0.2, 0.5], "texture": "#0"},
				"east": {"uv": [0, 0, 0.1, 0.5], "texture": "#0"},
				"south": {"uv": [0, 0, 0.2, 0.5], "texture": "#0"},
				"west": {"uv": [0, 0, 0.1, 0.5], "texture": "#0"},
				"up": {"uv": [0, 0, 0.2, 0.1], "texture": "#0"},
				"down": {"uv": [0, 0, 0.2, 0.1], "texture": "#0"}
			}
		},
		{
			"from": [8.5, 2.8, 3.6],
			"to": [8.7, 3.3, 3.7],
			"faces": {
				"north": {"uv": [0, 0, 0.2, 0.5], "texture": "#0"},
				"east": {"uv": [0, 0, 0.1, 0.5], "texture": "#0"},
				"south": {"uv": [0, 0, 0.2, 0.5], "texture": "#0"},
				"west": {"uv": [0, 0, 0.1, 0.5], "texture": "#0"},
				"up": {"uv": [0, 0, 0.2, 0.1], "texture": "#0"},
				"down": {"uv": [0, 0, 0.2, 0.1], "texture": "#0"}
			}
		},
		{
			"from": [8.5, 2.8, 3],
			"to": [8.7, 3.3, 3.1],
			"faces": {
				"north": {"uv": [0, 0, 0.2, 0.5], "texture": "#0"},
				"east": {"uv": [0, 0, 0.1, 0.5], "texture": "#0"},
				"south": {"uv": [0, 0, 0.2, 0.5], "texture": "#0"},
				"west": {"uv": [0, 0, 0.1, 0.5], "texture": "#0"},
				"up": {"uv": [0, 0, 0.2, 0.1], "texture": "#0"},
				"down": {"uv": [0, 0, 0.2, 0.1], "texture": "#0"}
			}
		},
		{
			"from": [8.6, 2.8, 4.3],
			"to": [8.7, 3.3, 4.5],
			"faces": {
				"north": {"uv": [0, 0, 0.1, 0.5], "texture": "#0"},
				"east": {"uv": [0, 0, 0.2, 0.5], "texture": "#0"},
				"south": {"uv": [0, 0, 0.1, 0.5], "texture": "#0"},
				"west": {"uv": [0, 0, 0.2, 0.5], "texture": "#0"},
				"up": {"uv": [0, 0, 0.1, 0.2], "texture": "#0"},
				"down": {"uv": [0, 0, 0.1, 0.2], "texture": "#0"}
			}
		},
		{
			"from": [7.8, 2.8, 4.3],
			"to": [7.9, 3.3, 4.5],
			"faces": {
				"north": {"uv": [0, 0, 0.1, 0.5], "texture": "#0"},
				"east": {"uv": [0, 0, 0.2, 0.5], "texture": "#0"},
				"south": {"uv": [0, 0, 0.1, 0.5], "texture": "#0"},
				"west": {"uv": [0, 0, 0.2, 0.5], "texture": "#0"},
				"up": {"uv": [0, 0, 0.1, 0.2], "texture": "#0"},
				"down": {"uv": [0, 0, 0.1, 0.2], "texture": "#0"}
			}
		},
		{
			"from": [7.8, 2.8, 4.2],
			"to": [8, 3.3, 4.3],
			"faces": {
				"north": {"uv": [0, 0, 0.2, 0.5], "texture": "#0"},
				"east": {"uv": [0, 0, 0.1, 0.5], "texture": "#0"},
				"south": {"uv": [0, 0, 0.2, 0.5], "texture": "#0"},
				"west": {"uv": [0, 0, 0.1, 0.5], "texture": "#0"},
				"up": {"uv": [0, 0, 0.2, 0.1], "texture": "#0"},
				"down": {"uv": [0, 0, 0.2, 0.1], "texture": "#0"}
			}
		},
		{
			"from": [7.8, 2.8, 3.7],
			"to": [7.9, 3.3, 4.2],
			"faces": {
				"north": {"uv": [0, 0, 0.1, 0.5], "texture": "#0"},
				"east": {"uv": [0, 0, 0.5, 0.5], "texture": "#0"},
				"south": {"uv": [0, 0, 0.1, 0.5], "texture": "#0"},
				"west": {"uv": [0, 0, 0.5, 0.5], "texture": "#0"},
				"up": {"uv": [0, 0, 0.1, 0.5], "texture": "#0"},
				"down": {"uv": [0, 0, 0.1, 0.5], "texture": "#0"}
			}
		},
		{
			"from": [7.8, 2.8, 3.6],
			"to": [8, 3.3, 3.7],
			"faces": {
				"north": {"uv": [0, 0, 0.2, 0.5], "texture": "#0"},
				"east": {"uv": [0, 0, 0.1, 0.5], "texture": "#0"},
				"south": {"uv": [0, 0, 0.2, 0.5], "texture": "#0"},
				"west": {"uv": [0, 0, 0.1, 0.5], "texture": "#0"},
				"up": {"uv": [0, 0, 0.2, 0.1], "texture": "#0"},
				"down": {"uv": [0, 0, 0.2, 0.1], "texture": "#0"}
			}
		},
		{
			"from": [7.8, 2.8, 3.1],
			"to": [7.9, 3.3, 3.6],
			"faces": {
				"north": {"uv": [0, 0, 0.1, 0.5], "texture": "#0"},
				"east": {"uv": [0, 0, 0.5, 0.5], "texture": "#0"},
				"south": {"uv": [0, 0, 0.1, 0.5], "texture": "#0"},
				"west": {"uv": [0, 0, 0.5, 0.5], "texture": "#0"},
				"up": {"uv": [0, 0, 0.1, 0.5], "texture": "#0"},
				"down": {"uv": [0, 0, 0.1, 0.5], "texture": "#0"}
			}
		},
		{
			"from": [7.8, 2.8, 3],
			"to": [8, 3.3, 3.1],
			"faces": {
				"north": {"uv": [0, 0, 0.2, 0.5], "texture": "#0"},
				"east": {"uv": [0, 0, 0.1, 0.5], "texture": "#0"},
				"south": {"uv": [0, 0, 0.2, 0.5], "texture": "#0"},
				"west": {"uv": [0, 0, 0.1, 0.5], "texture": "#0"},
				"up": {"uv": [0, 0, 0.2, 0.1], "texture": "#0"},
				"down": {"uv": [0, 0, 0.2, 0.1], "texture": "#0"}
			}
		},
		{
			"from": [7.8, 2.8, 2.5],
			"to": [7.9, 3.3, 3],
			"faces": {
				"north": {"uv": [0, 0, 0.1, 0.5], "texture": "#0"},
				"east": {"uv": [0, 0, 0.5, 0.5], "texture": "#0"},
				"south": {"uv": [0, 0, 0.1, 0.5], "texture": "#0"},
				"west": {"uv": [0, 0, 0.5, 0.5], "texture": "#0"},
				"up": {"uv": [0, 0, 0.1, 0.5], "texture": "#0"},
				"down": {"uv": [0, 0, 0.1, 0.5], "texture": "#0"}
			}
		},
		{
			"from": [7.8, 2.8, 2.35],
			"to": [8, 3.3, 2.5],
			"faces": {
				"north": {"uv": [0, 0, 0.2, 0.5], "texture": "#0"},
				"east": {"uv": [0, 0, 0.15, 0.5], "texture": "#0"},
				"south": {"uv": [0, 0, 0.2, 0.5], "texture": "#0"},
				"west": {"uv": [0, 0, 0.15, 0.5], "texture": "#0"},
				"up": {"uv": [0, 0, 0.2, 0.15], "texture": "#0"},
				"down": {"uv": [0, 0, 0.2, 0.15], "texture": "#0"}
			}
		},
		{
			"from": [8, 2.6, 3.1],
			"to": [8.5, 2.7, 3.6],
			"faces": {
				"north": {"uv": [0, 0, 0.5, 0.1], "texture": "#0"},
				"east": {"uv": [0, 0, 0.5, 0.1], "texture": "#0"},
				"south": {"uv": [0, 0, 0.5, 0.1], "texture": "#0"},
				"west": {"uv": [0, 0, 0.5, 0.1], "texture": "#0"},
				"up": {"uv": [0, 0, 0.5, 0.5], "texture": "#0"},
				"down": {"uv": [0, 0, 0.5, 0.5], "texture": "#0"}
			}
		},
		{
			"from": [8, 2.6, 3.6],
			"to": [8.5, 2.8, 3.7],
			"faces": {
				"north": {"uv": [0, 0, 0.5, 0.2], "texture": "#0"},
				"east": {"uv": [0, 0, 0.1, 0.2], "texture": "#0"},
				"south": {"uv": [0, 0, 0.5, 0.2], "texture": "#0"},
				"west": {"uv": [0, 0, 0.1, 0.2], "texture": "#0"},
				"up": {"uv": [0, 0, 0.5, 0.1], "texture": "#0"},
				"down": {"uv": [0, 0, 0.5, 0.1], "texture": "#0"}
			}
		},
		{
			"from": [8, 2.6, 3],
			"to": [8.5, 2.8, 3.1],
			"faces": {
				"north": {"uv": [0, 0, 0.5, 0.2], "texture": "#0"},
				"east": {"uv": [0, 0, 0.1, 0.2], "texture": "#0"},
				"south": {"uv": [0, 0, 0.5, 0.2], "texture": "#0"},
				"west": {"uv": [0, 0, 0.1, 0.2], "texture": "#0"},
				"up": {"uv": [0, 0, 0.5, 0.1], "texture": "#0"},
				"down": {"uv": [0, 0, 0.5, 0.1], "texture": "#0"}
			}
		},
		{
			"from": [8, 2.6, 2.5],
			"to": [8.5, 2.7, 3],
			"faces": {
				"north": {"uv": [0, 0, 0.5, 0.1], "texture": "#0"},
				"east": {"uv": [0, 0, 0.5, 0.1], "texture": "#0"},
				"south": {"uv": [0, 0, 0.5, 0.1], "texture": "#0"},
				"west": {"uv": [0, 0, 0.5, 0.1], "texture": "#0"},
				"up": {"uv": [0, 0, 0.5, 0.5], "texture": "#0"},
				"down": {"uv": [0, 0, 0.5, 0.5], "texture": "#0"}
			}
		},
		{
			"from": [8, 2.6, 2.35],
			"to": [8.5, 2.8, 2.5],
			"faces": {
				"north": {"uv": [0, 0, 0.5, 0.2], "texture": "#0"},
				"east": {"uv": [0, 0, 0.15, 0.2], "texture": "#0"},
				"south": {"uv": [0, 0, 0.5, 0.2], "texture": "#0"},
				"west": {"uv": [0, 0, 0.15, 0.2], "texture": "#0"},
				"up": {"uv": [0, 0, 0.5, 0.15], "texture": "#0"},
				"down": {"uv": [0, 0, 0.5, 0.15], "texture": "#0"}
			}
		},
		{
			"from": [7.8, 2.6, 4.5],
			"to": [8.7, 3.5, 4.6],
			"faces": {
				"north": {"uv": [0, 0, 0.9, 0.9], "texture": "#0"},
				"east": {"uv": [0, 0, 0.1, 0.9], "texture": "#0"},
				"south": {"uv": [0, 0, 0.9, 0.9], "texture": "#0"},
				"west": {"uv": [0, 0, 0.1, 0.9], "texture": "#0"},
				"up": {"uv": [0, 0, 0.9, 0.1], "texture": "#0"},
				"down": {"uv": [0, 0, 0.9, 0.1], "texture": "#0"}
			}
		},
		{
			"from": [8.05, 2.1, 5.4],
			"to": [8.45, 2.3, 5.7],
			"faces": {
				"north": {"uv": [0, 0, 0.4, 0.2], "texture": "#0"},
				"east": {"uv": [0, 0, 0.3, 0.2], "texture": "#0"},
				"south": {"uv": [0, 0, 0.4, 0.2], "texture": "#0"},
				"west": {"uv": [0, 0, 0.3, 0.2], "texture": "#0"},
				"up": {"uv": [0, 0, 0.4, 0.3], "texture": "#0"},
				"down": {"uv": [0, 0, 0.4, 0.3], "texture": "#0"}
			}
		},
		{
			"from": [8.05, 2.2, 5.1],
			"to": [8.45, 2.3, 5.4],
			"faces": {
				"north": {"uv": [0, 0, 0.4, 0.1], "texture": "#0"},
				"east": {"uv": [0, 0, 0.3, 0.1], "texture": "#0"},
				"south": {"uv": [0, 0, 0.4, 0.1], "texture": "#0"},
				"west": {"uv": [0, 0, 0.3, 0.1], "texture": "#0"},
				"up": {"uv": [0, 0, 0.4, 0.3], "texture": "#0"},
				"down": {"uv": [0, 0, 0.4, 0.3], "texture": "#0"}
			}
		},
		{
			"from": [8.05, 2.3, 4.8],
			"to": [8.45, 2.8, 5.7],
			"faces": {
				"north": {"uv": [0, 0, 0.4, 0.5], "texture": "#0"},
				"east": {"uv": [0, 0, 0.9, 0.5], "texture": "#0"},
				"south": {"uv": [0, 0, 0.4, 0.5], "texture": "#0"},
				"west": {"uv": [0, 0, 0.9, 0.5], "texture": "#0"},
				"up": {"uv": [0, 0, 0.4, 0.9], "texture": "#0"},
				"down": {"uv": [0, 0, 0.4, 0.9], "texture": "#0"}
			}
		},
		{
			"from": [8.05, 2.4, 5.9],
			"to": [8.45, 2.9, 6.8],
			"faces": {
				"north": {"uv": [0, 0, 0.4, 0.5], "texture": "#0"},
				"east": {"uv": [0, 0, 0.9, 0.5], "texture": "#0"},
				"south": {"uv": [0, 0, 0.4, 0.5], "texture": "#0"},
				"west": {"uv": [0, 0, 0.9, 0.5], "texture": "#0"},
				"up": {"uv": [0, 0, 0.4, 0.9], "texture": "#0"},
				"down": {"uv": [0, 0, 0.4, 0.9], "texture": "#0"}
			}
		},
		{
			"from": [8.05, 2, 6.4],
			"to": [8.45, 2.4, 6.8],
			"faces": {
				"north": {"uv": [0, 0, 0.4, 0.4], "texture": "#0"},
				"east": {"uv": [0, 0, 0.4, 0.4], "texture": "#0"},
				"south": {"uv": [0, 0, 0.4, 0.4], "texture": "#0"},
				"west": {"uv": [0, 0, 0.4, 0.4], "texture": "#0"},
				"up": {"uv": [0, 0, 0.4, 0.4], "texture": "#0"},
				"down": {"uv": [0, 0, 0.4, 0.4], "texture": "#0"}
			}
		},
		{
			"from": [8.06, 1.91761, 6.14827],
			"to": [8.44, 1.99761, 6.52827],
			"rotation": {"angle": -22.5, "axis": "x", "origin": [8.25, 1.95761, 6.33827]},
			"faces": {
				"north": {"uv": [0, 0, 0.4, 0.1], "texture": "#0"},
				"east": {"uv": [0, 0, 0.4, 0.1], "texture": "#0"},
				"south": {"uv": [0, 0, 0.4, 0.1], "texture": "#0"},
				"west": {"uv": [0, 0, 0.4, 0.1], "texture": "#0"},
				"up": {"uv": [0, 0, 0.4, 0.4], "texture": "#0"},
				"down": {"uv": [0, 0, 0.4, 0.4], "texture": "#0"}
			}
		},
		{
			"from": [8.0601, 1.91771, 5.52791],
			"to": [8.4399, 1.99751, 6.20771],
			"rotation": {"angle": 22.5, "axis": "x", "origin": [8.25, 1.95761, 6.01781]},
			"faces": {
				"north": {"uv": [0, 0, 0.4, 0.1], "rotation": 180, "texture": "#0"},
				"east": {"uv": [0, 0, 0.7, 0.1], "rotation": 180, "texture": "#0"},
				"south": {"uv": [0, 0, 0.4, 0.1], "rotation": 180, "texture": "#0"},
				"west": {"uv": [0, 0, 0.7, 0.1], "rotation": 180, "texture": "#0"},
				"up": {"uv": [0, 0, 0.4, 0.7], "texture": "#0"},
				"down": {"uv": [0, 0, 0.4, 0.7], "texture": "#0"}
			}
		},
		{
			"from": [8.05, 2.3, 6.2],
			"to": [8.45, 2.5, 6.3],
			"rotation": {"angle": -22.5, "axis": "x", "origin": [8.25, 2.3, 6.25]},
			"faces": {
				"north": {"uv": [0, 0, 0.4, 0.2], "texture": "#0"},
				"east": {"uv": [0, 0, 0.1, 0.2], "texture": "#0"},
				"south": {"uv": [0, 0, 0.4, 0.2], "texture": "#0"},
				"west": {"uv": [0, 0, 0.1, 0.2], "texture": "#0"},
				"up": {"uv": [0, 0, 0.4, 0.1], "texture": "#0"},
				"down": {"uv": [0, 0, 0.4, 0.1], "texture": "#0"}
			}
		},
		{
			"from": [8.05, 2.04588, 6.16173],
			"to": [8.45, 2.34588, 6.26173],
			"rotation": {"angle": 22.5, "axis": "x", "origin": [8.25, 2.24588, 6.21173]},
			"faces": {
				"north": {"uv": [0, 0, 0.4, 0.3], "texture": "#0"},
				"east": {"uv": [0, 0, 0.1, 0.3], "texture": "#0"},
				"south": {"uv": [0, 0, 0.4, 0.3], "texture": "#0"},
				"west": {"uv": [0, 0, 0.1, 0.3], "texture": "#0"},
				"up": {"uv": [0, 0, 0.4, 0.1], "texture": "#0"},
				"down": {"uv": [0, 0, 0.4, 0.1], "texture": "#0"}
			}
		},
		{
			"from": [8.052, 1.05549, 6.47092],
			"to": [8.448, 2.05149, 6.86692],
			"rotation": {"angle": -22.5, "axis": "x", "origin": [8.25, 1.85349, 6.56892]},
			"faces": {
				"north": {"uv": [0, 0, 0.4, 1], "texture": "#0"},
				"east": {"uv": [0, 0, 0.4, 1], "texture": "#0"},
				"south": {"uv": [0, 0, 0.4, 1], "texture": "#0"},
				"west": {"uv": [0, 0, 0.4, 1], "texture": "#0"},
				"up": {"uv": [0, 0, 0.4, 0.4], "texture": "#0"},
				"down": {"uv": [0, 0, 0.4, 0.4], "texture": "#0"}
			}
		},
		{
			"from": [8.05, 2.4, 5.7],
			"to": [8.45, 2.9, 6],
			"faces": {
				"north": {"uv": [0, 0, 0.4, 0.5], "texture": "#0"},
				"east": {"uv": [0, 0, 0.3, 0.5], "texture": "#0"},
				"south": {"uv": [0, 0, 0.4, 0.5], "texture": "#0"},
				"west": {"uv": [0, 0, 0.3, 0.5], "texture": "#0"},
				"up": {"uv": [0, 0, 0.4, 0.3], "texture": "#0"},
				"down": {"uv": [0, 0, 0.4, 0.3], "texture": "#0"}
			}
		},
		{
			"from": [8.05, 2.7, 6.8],
			"to": [8.45, 2.8, 6.9],
			"faces": {
				"north": {"uv": [0, 0, 0.4, 0.1], "texture": "#0"},
				"east": {"uv": [0, 0, 0.1, 0.1], "texture": "#0"},
				"south": {"uv": [0, 0, 0.4, 0.1], "texture": "#0"},
				"west": {"uv": [0, 0, 0.1, 0.1], "texture": "#0"},
				"up": {"uv": [0, 0, 0.4, 0.1], "texture": "#0"},
				"down": {"uv": [0, 0, 0.4, 0.1], "texture": "#0"}
			}
		},
		{
			"from": [8.15, 1.6, 4.9],
			"to": [8.35, 2.4, 5.6],
			"faces": {
				"north": {"uv": [0, 0, 0.4, 1], "texture": "#0"},
				"east": {"uv": [0, 0, 0.9, 1], "texture": "#0"},
				"south": {"uv": [0, 0, 0.4, 1], "texture": "#0"},
				"west": {"uv": [0, 0, 0.9, 1], "texture": "#0"},
				"up": {"uv": [0, 0, 0.4, 0.9], "texture": "#0"},
				"down": {"uv": [0, 0, 0.4, 0.9], "texture": "#0"}
			}
		},
		{
			"from": [8.1501, 0.86829, 4.75453],
			"to": [8.3499, 1.76809, 5.45433],
			"rotation": {"angle": 22.5, "axis": "x", "origin": [8.25, 1.31819, 5.10443]},
			"faces": {
				"north": {"uv": [0, 0, 0.4, 1.1], "texture": "#0"},
				"east": {"uv": [0, 0, 0.9, 1.1], "texture": "#0"},
				"south": {"uv": [0, 0, 0.4, 1.1], "texture": "#0"},
				"west": {"uv": [0, 0, 0.9, 1.1], "texture": "#0"},
				"up": {"uv": [0, 0, 0.4, 0.9], "texture": "#0"},
				"down": {"uv": [0, 0, 0.4, 0.9], "texture": "#0"}
			}
		},
		{
			"from": [8.05, 2.7, 4.7],
			"to": [8.45, 2.8, 4.8],
			"faces": {
				"north": {"uv": [0, 0, 0.4, 0.1], "texture": "#0"},
				"east": {"uv": [0, 0, 0.1, 0.1], "texture": "#0"},
				"south": {"uv": [0, 0, 0.4, 0.1], "texture": "#0"},
				"west": {"uv": [0, 0, 0.1, 0.1], "texture": "#0"},
				"up": {"uv": [0, 0, 0.4, 0.1], "texture": "#0"},
				"down": {"uv": [0, 0, 0.4, 0.1], "texture": "#0"}
			}
		},
		{
			"from": [8, 2.8, 4.6],
			"to": [8.5, 3.3, 7],
			"faces": {
				"north": {"uv": [0, 0, 1, 1], "texture": "#0"},
				"east": {"uv": [0, 3, 5, 4], "texture": "#0"},
				"south": {"uv": [0, 0, 1, 1], "texture": "#0"},
				"west": {"uv": [0, 3, 5, 4], "texture": "#0"},
				"up": {"uv": [1, 5, 2, 10], "texture": "#0"},
				"down": {"uv": [1, 0, 2, 5], "texture": "#0"}
			}
		},
		{
			"from": [8, 2.8, 7.3],
			"to": [8.5, 3.3, 9.3],
			"faces": {
				"north": {"uv": [0, 0, 0.5, 0.5], "texture": "#0"},
				"east": {"uv": [0, 0, 2, 0.5], "texture": "#0"},
				"south": {"uv": [0, 0, 0.5, 0.5], "texture": "#0"},
				"west": {"uv": [0, 0, 2, 0.5], "texture": "#0"},
				"up": {"uv": [0, 0, 0.5, 2], "texture": "#0"},
				"down": {"uv": [0, 0, 0.5, 2], "texture": "#0"}
			}
		},
		{
			"from": [8, 2.6, 7.7],
			"to": [8.5, 2.8, 8.7],
			"faces": {
				"north": {"uv": [0, 0, 0.5, 0.2], "texture": "#0"},
				"east": {"uv": [0, 0, 1, 0.2], "texture": "#0"},
				"south": {"uv": [0, 0, 0.5, 0.2], "texture": "#0"},
				"west": {"uv": [0, 0, 1, 0.2], "texture": "#0"},
				"up": {"uv": [0, 0, 0.5, 1], "texture": "#0"},
				"down": {"uv": [0, 0, 0.5, 1], "texture": "#0"}
			}
		},
		{
			"from": [8, 2.4, 7.7],
			"to": [8.5, 2.6, 8.2],
			"rotation": {"angle": 0, "axis": "y", "origin": [0, -0.2, 0]},
			"faces": {
				"north": {"uv": [0, 0, 0.5, 0.2], "texture": "#0"},
				"east": {"uv": [0, 0, 0.5, 0.2], "texture": "#0"},
				"south": {"uv": [0, 0, 0.5, 0.2], "texture": "#0"},
				"west": {"uv": [0, 0, 0.5, 0.2], "texture": "#0"},
				"up": {"uv": [0, 0, 0.5, 0.5], "texture": "#0"},
				"down": {"uv": [0, 0, 0.5, 0.5], "texture": "#0"}
			}
		},
		{
			"from": [8.0001, 2.3001, 8.0001],
			"to": [8.4999, 2.4999, 8.4999],
			"rotation": {"angle": 22.5, "axis": "x", "origin": [8.25, 2.4, 8.25]},
			"faces": {
				"north": {"uv": [0, 0, 0.5, 0.2], "texture": "#0"},
				"east": {"uv": [0, 0, 0.5, 0.2], "texture": "#0"},
				"south": {"uv": [0, 0, 0.5, 0.2], "texture": "#0"},
				"west": {"uv": [0, 0, 0.5, 0.2], "texture": "#0"},
				"up": {"uv": [0, 0, 0.5, 0.5], "texture": "#0"},
				"down": {"uv": [0, 0, 0.5, 0.5], "texture": "#0"}
			}
		},
		{
			"from": [8, 2.5, 8.3],
			"to": [8.5, 2.7, 8.8],
			"rotation": {"angle": 22.5, "axis": "x", "origin": [8.25, 2.6, 8.55]},
			"faces": {
				"north": {"uv": [0, 0, 0.5, 0.2], "texture": "#0"},
				"east": {"uv": [0, 0, 0.5, 0.2], "texture": "#0"},
				"south": {"uv": [0, 0, 0.5, 0.2], "texture": "#0"},
				"west": {"uv": [0, 0, 0.5, 0.2], "texture": "#0"},
				"up": {"uv": [0, 0, 0.5, 0.5], "texture": "#0"},
				"down": {"uv": [0, 0, 0.5, 0.5], "texture": "#0"}
			}
		},
		{
			"from": [8, 2.6, 8.7],
			"to": [8.5, 2.8, 9.3],
			"faces": {
				"north": {"uv": [0, 0, 0.5, 0.2], "texture": "#0"},
				"east": {"uv": [0, 0, 0.6, 0.2], "texture": "#0"},
				"south": {"uv": [0, 0, 0.5, 0.2], "texture": "#0"},
				"west": {"uv": [0, 0, 0.6, 0.2], "texture": "#0"},
				"up": {"uv": [0, 0, 0.5, 0.6], "texture": "#0"},
				"down": {"uv": [0, 0, 0.5, 0.6], "texture": "#0"}
			}
		},
		{
			"from": [8.0002, 1.97268, 8.76456],
			"to": [8.5, 2.87248, 8.96436],
			"rotation": {"angle": -45, "axis": "x", "origin": [8.2501, 2.42258, 8.86446]},
			"faces": {
				"north": {"uv": [0, 0, 0.5, 0.9], "rotation": 180, "texture": "#0"},
				"east": {"uv": [0, 0, 0.9, 0.2], "rotation": 270, "texture": "#0"},
				"south": {"uv": [0, 0, 0.5, 0.9], "texture": "#0"},
				"west": {"uv": [0, 0, 0.9, 0.2], "rotation": 90, "texture": "#0"},
				"up": {"uv": [0, 0, 0.5, 0.2], "rotation": 180, "texture": "#0"},
				"down": {"uv": [0, 0, 0.5, 0.2], "texture": "#0"}
			}
		},
		{
			"from": [8.0001, 1.97268, 9.1001],
			"to": [8.4999, 2.67248, 9.2999],
			"rotation": {"angle": 0, "axis": "x", "origin": [8.2501, 2.22258, 9.26446]},
			"faces": {
				"north": {"uv": [0, 0, 0.5, 0.7], "rotation": 180, "texture": "#0"},
				"east": {"uv": [0, 0, 0.7, 0.2], "rotation": 270, "texture": "#0"},
				"south": {"uv": [0, 0, 0.5, 0.7], "texture": "#0"},
				"west": {"uv": [0, 0, 0.7, 0.2], "rotation": 90, "texture": "#0"},
				"up": {"uv": [0, 0, 0.5, 0.2], "rotation": 180, "texture": "#0"},
				"down": {"uv": [0, 0, 0.5, 0.2], "texture": "#0"}
			}
		},
		{
			"from": [8.0002, 2.27278, 8.9002],
			"to": [8.4998, 2.67238, 9.1998],
			"rotation": {"angle": 0, "axis": "x", "origin": [8.2501, 2.22258, 9.16446]},
			"faces": {
				"north": {"uv": [0, 0, 0.5, 0.4], "rotation": 180, "texture": "#0"},
				"east": {"uv": [0, 0, 0.4, 0.3], "rotation": 270, "texture": "#0"},
				"south": {"uv": [0, 0, 0.5, 0.4], "texture": "#0"},
				"west": {"uv": [0, 0, 0.4, 0.3], "rotation": 90, "texture": "#0"},
				"up": {"uv": [0, 0, 0.5, 0.3], "rotation": 180, "texture": "#0"},
				"down": {"uv": [0, 0, 0.5, 0.3], "texture": "#0"}
			}
		},
		{
			"from": [8.0003, 2.47288, 8.8003],
			"to": [8.4997, 2.67228, 8.9997],
			"rotation": {"angle": 0, "axis": "x", "origin": [8.2501, 2.22258, 9.16446]},
			"faces": {
				"north": {"uv": [0, 0, 0.5, 0.2], "rotation": 180, "texture": "#0"},
				"east": {"uv": [0, 0, 0.2, 0.2], "rotation": 270, "texture": "#0"},
				"south": {"uv": [0, 0, 0.5, 0.2], "texture": "#0"},
				"west": {"uv": [0, 0, 0.2, 0.2], "rotation": 90, "texture": "#0"},
				"up": {"uv": [0, 0, 0.5, 0.2], "rotation": 180, "texture": "#0"},
				"down": {"uv": [0, 0, 0.5, 0.2], "texture": "#0"}
			}
		},
		{
			"from": [8.1, 3, 7],
			"to": [8.4, 3.29, 7.3],
			"faces": {
				"north": {"uv": [0, 0, 0.3, 0.29], "texture": "#0"},
				"east": {"uv": [0, 0, 0.3, 0.29], "texture": "#0"},
				"south": {"uv": [0, 0, 0.3, 0.29], "texture": "#0"},
				"west": {"uv": [0, 0, 0.3, 0.29], "texture": "#0"},
				"up": {"uv": [0, 0, 0.3, 0.3], "texture": "#0"},
				"down": {"uv": [0, 0, 0.3, 0.3], "texture": "#0"}
			}
		},
		{
			"from": [8.001, 3.301, 1.901],
			"to": [8.499, 3.899, 1.999],
			"rotation": {"angle": 0, "axis": "y", "origin": [0, 0, 0.4]},
			"faces": {
				"north": {"uv": [0, 0, 0.5, 0.6], "texture": "#0"},
				"east": {"uv": [0, 0, 0.1, 0.6], "texture": "#0"},
				"south": {"uv": [0, 0, 0.5, 0.6], "texture": "#0"},
				"west": {"uv": [0, 0, 0.1, 0.6], "texture": "#0"},
				"up": {"uv": [0, 0, 0.5, 0.1], "texture": "#0"},
				"down": {"uv": [0, 0, 0.5, 0.1], "texture": "#0"}
			}
		},
		{
			"from": [8.01, 3.10686, 2.24184],
			"to": [8.49, 3.98686, 2.32184],
			"rotation": {"angle": -45, "axis": "x", "origin": [8.25, 3.54686, 2.28184]},
			"faces": {
				"north": {"uv": [0, 0, 0.5, 0.9], "texture": "#0"},
				"east": {"uv": [0, 0, 0.1, 0.9], "texture": "#0"},
				"south": {"uv": [0, 0, 0.5, 0.9], "texture": "#0"},
				"west": {"uv": [0, 0, 0.1, 0.9], "texture": "#0"},
				"up": {"uv": [0, 0, 0.5, 0.1], "texture": "#0"},
				"down": {"uv": [0, 0, 0.5, 0.1], "texture": "#0"}
			}
		}
	],
	"display": {
		"thirdperson_righthand": {
			"rotation": [33, 0, 0],
			"translation": [0, 7, 9],
			"scale": [1.5, 1.5, 1.5]
		},
		"thirdperson_lefthand": {
			"rotation": [33, 0, 0],
			"translation": [0, 7, 9],
			"scale": [1.5, 1.5, 1.5]
		},
		"firstperson_righthand": {
			"translation": [0, 10, 4],
			"scale": [1.5, 1.5, 1.5]
		},
		"firstperson_lefthand": {
			"translation": [0, 10, 4],
			"scale": [1.5, 1.5, 1.5]
		},
		"ground": {
			"translation": [0, 3, 3]
		},
		"gui": {
			"rotation": [20, 33, 0],
			"translation": [2.75, 7.5, 0],
			"scale": [2, 2, 2]
		},
		"head": {
			"rotation": [90, 52.5, -90],
			"translation": [8.25, -9.75, 4],
			"scale": [1.5, 1.5, 1.5]
		},
		"fixed": {
			"rotation": [0, -90, 0],
			"translation": [-4.25, 8, 0],
			"scale": [1.5, 1.5, 1.5]
		}
	}
}