{
	"credit": "Made with Blockbench",
	"textures": {
		"0": "item/AK-47",
		"particle": "item/AK-47"
	},
	"elements": [
		{
			"from": [7.95, 5.2, -1.4],
			"to": [8.45, 5.7, 3.6],
			"faces": {
				"north": {"uv": [3, 2, 4, 3], "texture": "#0"},
				"east": {"uv": [6, 1, 16, 2], "texture": "#0"},
				"south": {"uv": [5, 3, 6, 4], "texture": "#0"},
				"west": {"uv": [6, 3, 16, 4], "texture": "#0"},
				"up": {"uv": [6, 1, 16, 0], "rotation": 270, "texture": "#0"},
				"down": {"uv": [6, 3, 16, 2], "rotation": 270, "texture": "#0"}
			}
		},
		{
			"from": [7.95, 7.2, -0.9],
			"to": [8.05, 7.7, -0.4],
			"faces": {
				"north": {"uv": [0, 0, 0.1, 0.5], "texture": "#0"},
				"east": {"uv": [0, 0, 0.5, 0.5], "texture": "#0"},
				"south": {"uv": [0, 0, 0.1, 0.5], "texture": "#0"},
				"west": {"uv": [0, 0, 0.5, 0.5], "texture": "#0"},
				"up": {"uv": [0, 0, 0.1, 0.5], "texture": "#0"},
				"down": {"uv": [0, 0, 0.1, 0.5], "texture": "#0"}
			}
		},
		{
			"from": [8.35, 7.2, -0.9],
			"to": [8.45, 7.7, -0.4],
			"faces": {
				"north": {"uv": [0, 0, 0.1, 0.5], "texture": "#0"},
				"east": {"uv": [0, 0, 0.5, 0.5], "texture": "#0"},
				"south": {"uv": [0, 0, 0.1, 0.5], "texture": "#0"},
				"west": {"uv": [0, 0, 0.5, 0.5], "texture": "#0"},
				"up": {"uv": [0, 0, 0.1, 0.5], "texture": "#0"},
				"down": {"uv": [0, 0, 0.1, 0.5], "texture": "#0"}
			}
		},
		{
			"from": [7.95, 7.2, -0.9],
			"to": [8.05, 7.7, -0.4],
			"faces": {
				"north": {"uv": [0, 0, 0.1, 0.5], "texture": "#0"},
				"east": {"uv": [0, 0, 0.5, 0.5], "texture": "#0"},
				"south": {"uv": [0, 0, 0.1, 0.5], "texture": "#0"},
				"west": {"uv": [0, 0, 0.5, 0.5], "texture": "#0"},
				"up": {"uv": [0, 0, 0.1, 0.5], "texture": "#0"},
				"down": {"uv": [0, 0, 0.1, 0.5], "texture": "#0"}
			}
		},
		{
			"from": [7.95, 5.7, 1.1],
			"to": [8.05, 6, 1.6],
			"faces": {
				"north": {"uv": [0, 0, 0.1, 0.3], "texture": "#0"},
				"east": {"uv": [0, 0.5, 0.5, 1], "texture": "#0"},
				"south": {"uv": [0, 0, 0.1, 0.3], "texture": "#0"},
				"west": {"uv": [0.5, 0, 1, 0.5], "texture": "#0"},
				"up": {"uv": [0, 0, 0.1, 0.5], "texture": "#0"},
				"down": {"uv": [0.3, 0, 0.4, 0.5], "texture": "#0"}
			}
		},
		{
			"from": [8.35, 5.7, 1.1],
			"to": [8.45, 6, 1.6],
			"faces": {
				"north": {"uv": [0, 0, 0.1, 0.3], "texture": "#0"},
				"east": {"uv": [1, 0, 1.5, 0.5], "texture": "#0"},
				"south": {"uv": [0, 0, 0.1, 0.3], "texture": "#0"},
				"west": {"uv": [1, 0.5, 1.5, 1], "texture": "#0"},
				"up": {"uv": [0.3, 0, 0.4, 0.5], "texture": "#0"},
				"down": {"uv": [0.9, 0.5, 1, 1], "texture": "#0"}
			}
		},
		{
			"from": [7.95, 6, 1.1],
			"to": [8.45, 6.5, 3.6],
			"faces": {
				"north": {"uv": [0, 0, 1, 1], "texture": "#0"},
				"east": {"uv": [11, 0, 16, 1], "texture": "#0"},
				"south": {"uv": [3, 0, 4, 1], "texture": "#0"},
				"west": {"uv": [11, 1, 16, 2], "texture": "#0"},
				"up": {"uv": [3, 1, 8, 2], "texture": "#0"},
				"down": {"uv": [5.7, 2, 10.7, 3], "texture": "#0"}
			}
		},
		{
			"from": [8.05, 7.6, -0.9],
			"to": [8.35, 7.7, -0.4],
			"faces": {
				"north": {"uv": [0, 0, 0.3, 0.1], "texture": "#0"},
				"east": {"uv": [0, 0, 0.5, 0.1], "texture": "#0"},
				"south": {"uv": [0, 0, 0.3, 0.1], "texture": "#0"},
				"west": {"uv": [0, 0, 0.5, 0.1], "texture": "#0"},
				"up": {"uv": [0, 0, 0.3, 0.5], "texture": "#0"},
				"down": {"uv": [0, 0, 0.3, 0.5], "texture": "#0"}
			}
		},
		{
			"from": [7.95, 5.7, -0.9],
			"to": [8.45, 7.2, -0.4],
			"faces": {
				"north": {"uv": [4, 0, 5, 3], "texture": "#0"},
				"east": {"uv": [6, 0, 7, 3], "texture": "#0"},
				"south": {"uv": [5, 0, 6, 3], "texture": "#0"},
				"west": {"uv": [8, 0, 9, 3], "texture": "#0"},
				"up": {"uv": [0, 0, 0.5, 0.5], "texture": "#0"},
				"down": {"uv": [0, 0, 0.5, 0.5], "texture": "#0"}
			}
		},
		{
			"from": [7.95, 5.7, -0.4],
			"to": [8.45, 6.7, 0.1],
			"faces": {
				"north": {"uv": [0, 0, 0.5, 1], "texture": "#0"},
				"east": {"uv": [0, 0, 0.5, 1], "texture": "#0"},
				"south": {"uv": [0, 0, 0.5, 1], "texture": "#0"},
				"west": {"uv": [0, 0, 0.5, 1], "texture": "#0"},
				"up": {"uv": [0, 0, 0.5, 0.5], "texture": "#0"},
				"down": {"uv": [0, 0, 0.5, 0.5], "texture": "#0"}
			}
		},
		{
			"from": [7.7, 4.8, 3.6],
			"to": [8.7, 6.8, 5.6],
			"faces": {
				"north": {"uv": [0, 12, 2, 16], "texture": "#0"},
				"east": {"uv": [4, 12, 8.1, 16], "texture": "#0"},
				"south": {"uv": [0, 12, 2, 16], "texture": "#0"},
				"west": {"uv": [0, 12, 4, 16], "texture": "#0"},
				"up": {"uv": [10.1, 12, 12.1, 16], "texture": "#0"},
				"down": {"uv": [8.1, 12, 10.1, 16], "texture": "#0"}
			}
		},
		{
			"from": [7.7, 4.8, 5.6],
			"to": [8.7, 5.8, 6.6],
			"faces": {
				"north": {"uv": [6, 14, 7, 16], "texture": "#0"},
				"east": {"uv": [0, 14, 2, 16], "texture": "#0"},
				"south": {"uv": [5, 14, 6, 16], "texture": "#0"},
				"west": {"uv": [3, 14, 5, 16], "texture": "#0"},
				"up": {"uv": [2, 14, 3, 16], "texture": "#0"},
				"down": {"uv": [0, 12, 1, 14], "texture": "#0"}
			}
		},
		{
			"from": [7.72, 5.8, 5.6],
			"to": [8.67, 6.85, 6.6],
			"faces": {
				"north": {"uv": [0, 0, 0.95, 1.05], "texture": "#0"},
				"east": {"uv": [0, 0, 1, 1.05], "texture": "#0"},
				"south": {"uv": [0, 0, 0.95, 1.05], "texture": "#0"},
				"west": {"uv": [0, 0, 1, 1.05], "texture": "#0"},
				"up": {"uv": [0, 0, 0.95, 1], "texture": "#0"},
				"down": {"uv": [0, 0, 0.95, 1], "texture": "#0"}
			}
		},
		{
			"from": [7.72, 6.3, 6.6],
			"to": [8.67, 6.85, 7.6],
			"faces": {
				"north": {"uv": [0, 0, 0.95, 0.55], "texture": "#0"},
				"east": {"uv": [0, 0, 1, 0.55], "texture": "#0"},
				"south": {"uv": [0, 0, 0.95, 0.55], "texture": "#0"},
				"west": {"uv": [0, 0, 1, 0.55], "texture": "#0"},
				"up": {"uv": [0, 0, 0.95, 1], "texture": "#0"},
				"down": {"uv": [0, 0, 0.95, 1], "texture": "#0"}
			}
		},
		{
			"from": [7.75, 4.8, 6.6],
			"to": [8.65, 6.3, 13.6],
			"faces": {
				"north": {"uv": [14, 1, 16, 4], "texture": "#0"},
				"east": {"uv": [0, 0, 14, 3], "texture": "#0"},
				"south": {"uv": [0, 0, 2, 3], "texture": "#0"},
				"west": {"uv": [2, 1, 16, 4], "texture": "#0"},
				"up": {"uv": [2, 0, 16, 1], "texture": "#0"},
				"down": {"uv": [0, 0, 14, 1], "texture": "#0"}
			}
		},
		{
			"from": [7.8, 4.85, 13.55],
			"to": [8.6, 5.75, 18.45],
			"faces": {
				"north": {"uv": [14, 14, 16, 16], "texture": "#0"},
				"east": {"uv": [3, 12, 13, 14], "texture": "#0"},
				"south": {"uv": [10, 13, 12, 15], "texture": "#0"},
				"west": {"uv": [0, 12, 10, 14], "texture": "#0"},
				"up": {"uv": [6, 12, 16, 14], "rotation": 90, "texture": "#0"},
				"down": {"uv": [6, 14, 16, 16], "rotation": 90, "texture": "#0"}
			}
		},
		{
			"from": [7.8, 3.75, 16.75],
			"to": [8.6, 4.85, 18.45],
			"rotation": {"angle": 0, "axis": "y", "origin": [0, -0.9, 0]},
			"faces": {
				"north": {"uv": [0, 14.8, 0.9, 16], "texture": "#0"},
				"east": {"uv": [0.4, 14, 4, 16], "texture": "#0"},
				"south": {"uv": [0, 14.8, 0.9, 16], "texture": "#0"},
				"west": {"uv": [12.4, 14, 16, 16], "texture": "#0"},
				"up": {"uv": [0, 14.2, 0.9, 16], "texture": "#0"},
				"down": {"uv": [0, 14.2, 0.9, 16], "texture": "#0"}
			}
		},
		{
			"from": [7.8, 4.45, 15.35],
			"to": [8.6, 4.85, 16.75],
			"rotation": {"angle": 0, "axis": "y", "origin": [0, -0.9, -1.5]},
			"faces": {
				"north": {"uv": [0, 15.5, 0.9, 16], "texture": "#0"},
				"east": {"uv": [2, 15.5, 3.5, 16], "texture": "#0"},
				"south": {"uv": [0, 15.5, 0.9, 16], "texture": "#0"},
				"west": {"uv": [14.5, 15.5, 16, 16], "texture": "#0"},
				"up": {"uv": [0, 14.5, 0.9, 16], "texture": "#0"},
				"down": {"uv": [0, 14.5, 0.9, 16], "texture": "#0"}
			}
		},
		{
			"from": [7.81, 3.97834, 13.74321],
			"to": [8.59, 4.65834, 18.52321],
			"rotation": {"angle": 22.5, "axis": "x", "origin": [8.2, 4.41834, 16.18321]},
			"faces": {
				"north": {"uv": [5, 13, 7, 15], "texture": "#0"},
				"east": {"uv": [6, 13, 16, 15], "texture": "#0"},
				"south": {"uv": [3, 13, 5, 15], "texture": "#0"},
				"west": {"uv": [3, 14, 13, 16], "texture": "#0"},
				"up": {"uv": [6, 14, 16, 16], "rotation": 90, "texture": "#0"},
				"down": {"uv": [0, 13, 10, 15], "rotation": 90, "texture": "#0"}
			}
		},
		{
			"from": [7.75, 4, 11.4],
			"to": [8.65, 4.8, 12.9],
			"faces": {
				"north": {"uv": [1, 2, 3, 4], "texture": "#0"},
				"east": {"uv": [2, 2, 5, 4], "texture": "#0"},
				"south": {"uv": [4, 2, 6, 4], "texture": "#0"},
				"west": {"uv": [13, 2, 16, 4], "texture": "#0"},
				"up": {"uv": [10, 0, 12, 3], "texture": "#0"},
				"down": {"uv": [2, 1, 4, 4], "texture": "#0"}
			}
		},
		{
			"from": [7.76, 1.71, 11.71],
			"to": [8.64, 4.19, 12.69],
			"rotation": {"angle": -22.5, "axis": "x", "origin": [8.2, 3.6, 11.9]},
			"faces": {
				"north": {"uv": [14, 11, 16, 16], "texture": "#0"},
				"east": {"uv": [3, 11, 5, 16], "texture": "#0"},
				"south": {"uv": [4, 11, 6, 16], "texture": "#0"},
				"west": {"uv": [0, 11, 2, 16], "texture": "#0"},
				"up": {"uv": [4, 14, 6, 16], "texture": "#0"},
				"down": {"uv": [9, 14, 11, 16], "texture": "#0"}
			}
		},
		{
			"from": [7.75, 3.3, 8.2],
			"to": [8.65, 4.8, 9.7],
			"faces": {
				"north": {"uv": [8, 1, 10, 4], "texture": "#0"},
				"east": {"uv": [5, 1, 8, 4], "texture": "#0"},
				"south": {"uv": [0, 0, 2, 3], "texture": "#0"},
				"west": {"uv": [13, 0, 16, 3], "texture": "#0"},
				"up": {"uv": [0, 0, 3, 1], "texture": "#0"},
				"down": {"uv": [0, 0, 3, 1], "texture": "#0"}
			}
		},
		{
			"from": [7.7503, 1.16451, 7.31546],
			"to": [8.6499, 2.66411, 8.81506],
			"rotation": {"angle": 45, "axis": "x", "origin": [8.2001, 1.91431, 8.06526]},
			"faces": {
				"north": {"uv": [14, 1, 16, 4], "texture": "#0"},
				"east": {"uv": [3, 1, 6, 4], "texture": "#0"},
				"south": {"uv": [4, 0, 6, 3], "texture": "#0"},
				"west": {"uv": [13, 0, 16, 3], "texture": "#0"},
				"up": {"uv": [0, 0, 2, 3], "texture": "#0"},
				"down": {"uv": [0, 0, 2, 3], "texture": "#0"}
			}
		},
		{
			"from": [7.7501, 2.06767, 7.95495],
			"to": [8.6499, 3.56747, 9.45475],
			"rotation": {"angle": 22.5, "axis": "x", "origin": [8.2, 2.81757, 8.90485]},
			"faces": {
				"north": {"uv": [2, 1, 4, 4], "texture": "#0"},
				"east": {"uv": [0, 0, 3, 3], "texture": "#0"},
				"south": {"uv": [0, 0, 2, 3], "texture": "#0"},
				"west": {"uv": [10, 0, 13, 3], "texture": "#0"},
				"up": {"uv": [0, 0, 2, 3], "texture": "#0"},
				"down": {"uv": [0, 0, 2, 3], "texture": "#0"}
			}
		},
		{
			"from": [7.95, 6.3, 6.6],
			"to": [8.45, 6.8, 13.1],
			"faces": {
				"north": {"uv": [15, 3, 16, 4], "texture": "#0"},
				"east": {"uv": [1, 0, 14, 1], "texture": "#0"},
				"south": {"uv": [0, 1, 1, 2], "texture": "#0"},
				"west": {"uv": [3, 1, 16, 2], "texture": "#0"},
				"up": {"uv": [1, 2, 14, 3], "texture": "#0"},
				"down": {"uv": [2, 3, 15, 4], "texture": "#0"}
			}
		},
		{
			"from": [7.95, 4.3, 9.8],
			"to": [8.45, 4.8, 10.3],
			"faces": {
				"north": {"uv": [0, 0, 0.5, 0.5], "texture": "#0"},
				"east": {"uv": [0, 0, 0.5, 0.5], "texture": "#0"},
				"south": {"uv": [0, 0, 0.5, 0.5], "texture": "#0"},
				"west": {"uv": [0, 0, 0.5, 0.5], "texture": "#0"},
				"up": {"uv": [0, 0, 0.5, 0.5], "texture": "#0"},
				"down": {"uv": [0, 0, 0.5, 0.5], "texture": "#0"}
			}
		},
		{
			"from": [7.95, 4.3, 10.9],
			"to": [8.45, 4.8, 11.4],
			"faces": {
				"north": {"uv": [0, 0, 0.5, 0.5], "texture": "#0"},
				"east": {"uv": [0, 0, 0.5, 0.5], "texture": "#0"},
				"south": {"uv": [0, 0, 0.5, 0.5], "texture": "#0"},
				"west": {"uv": [0, 0, 0.5, 0.5], "texture": "#0"},
				"up": {"uv": [0, 0, 0.5, 0.5], "texture": "#0"},
				"down": {"uv": [0, 0, 0.5, 0.5], "texture": "#0"}
			}
		},
		{
			"from": [7.95, 3.8, 9.8],
			"to": [8.45, 4.3, 9.9],
			"faces": {
				"north": {"uv": [0, 0, 0.5, 0.5], "texture": "#0"},
				"east": {"uv": [0, 0, 0.1, 0.5], "texture": "#0"},
				"south": {"uv": [0, 0, 0.5, 0.5], "texture": "#0"},
				"west": {"uv": [0, 0, 0.1, 0.5], "texture": "#0"},
				"up": {"uv": [0, 0, 0.5, 0.1], "texture": "#0"},
				"down": {"uv": [0, 0, 0.5, 0.1], "texture": "#0"}
			}
		},
		{
			"from": [7.95, 4, 10.2],
			"to": [8.45, 4.3, 10.3],
			"faces": {
				"north": {"uv": [0, 0, 0.5, 0.3], "texture": "#0"},
				"east": {"uv": [0, 0, 0.1, 0.3], "texture": "#0"},
				"south": {"uv": [0, 0, 0.5, 0.3], "texture": "#0"},
				"west": {"uv": [0, 0, 0.1, 0.3], "texture": "#0"},
				"up": {"uv": [0, 0, 0.5, 0.1], "texture": "#0"},
				"down": {"uv": [0, 0, 0.5, 0.1], "texture": "#0"}
			}
		},
		{
			"from": [7.95, 4, 10.3],
			"to": [8.45, 4.1, 11.4],
			"faces": {
				"north": {"uv": [0, 0, 0.5, 0.1], "texture": "#0"},
				"east": {"uv": [0, 0, 1.1, 0.1], "texture": "#0"},
				"south": {"uv": [0, 0, 0.5, 0.1], "texture": "#0"},
				"west": {"uv": [0, 0, 1.1, 0.1], "texture": "#0"},
				"up": {"uv": [0, 0, 0.5, 1.1], "texture": "#0"},
				"down": {"uv": [0, 0, 0.5, 1.1], "texture": "#0"}
			}
		}
	],
	"display": {
		"thirdperson_righthand": {
			"rotation": [20, 0, 0],
			"translation": [0, 5.5, -0.75],
			"scale": [0.8, 0.8, 0.8]
		},
		"thirdperson_lefthand": {
			"rotation": [20, 0, 0],
			"translation": [0, 5.5, -0.75],
			"scale": [0.8, 0.8, 0.8]
		},
		"firstperson_righthand": {
			"translation": [0, 5.75, 0]
		},
		"firstperson_lefthand": {
			"translation": [0, 5.75, 0]
		},
		"ground": {
			"scale": [0.4, 0.4, 0.4]
		},
		"gui": {
			"rotation": [29.19, 37.83, -6.58],
			"translation": [-0.5, 2, 0]
		},
		"head": {
			"rotation": [88.71, -54.74, 88.91],
			"translation": [-0.75, -10, 3.5]
		},
		"fixed": {
			"rotation": [90, -51, 90],
			"translation": [0, 2.75, 0]
		}
	},
	"groups": [
		{
			"name": "LOOP",
			"origin": [0, 0, 0],
			"color": 0,
			"children": [0, 1, 2, 3, 4, 5, 6, 7, 8, 9]
		},
		{
			"name": "HOUT",
			"origin": [0, 0, 0],
			"color": 0,
			"children": [10, 11]
		},
		{
			"name": "IRON PART",
			"origin": [8, 8, 8],
			"color": 0,
			"children": [12, 13, 14, 15, 16, 17, 18, 19, 20, 21, 22, 23, 24, 25, 26, 27, 28, 29]
		}
	]
}