{
	"credit": "Made with Blockbench",
	"textures": {
		"0": "blocks/bankautomaat",
		"1": "blocks/bankautomaatscherm",
		"2": "blocks/bankautomaat2",
		"particle": "blocks/bankautomaat"
	},
	"elements": [
		{
			"from": [0, 0, 0],
			"to": [16, 16, 13],
			"rotation": {"angle": 0, "axis": "y", "origin": [8, 8, 11.05]},
			"faces": {
				"north": {"uv": [0, 0, 16, 16], "texture": "#0"},
				"east": {"uv": [0, 0, 13, 16], "texture": "#0"},
				"south": {"uv": [0, 0, 16, 16], "texture": "#0"},
				"west": {"uv": [0, 0, 13, 16], "texture": "#0"},
				"up": {"uv": [0, 0, 16, 13], "rotation": 180, "texture": "#0"},
				"down": {"uv": [0, 0, 16, 13], "rotation": 180, "texture": "#0"}
			}
		},
		{
			"from": [0, 0, 13],
			"to": [16, 3.5, 18],
			"rotation": {"angle": 0, "axis": "y", "origin": [8, 8, 11.05]},
			"faces": {
				"north": {"uv": [0, 0, 16, 3.5], "texture": "#2"},
				"east": {"uv": [0, 0, 5, 3.5], "texture": "#2"},
				"south": {"uv": [0, 0, 16, 3.5], "texture": "#2"},
				"west": {"uv": [0, 0, 5, 3.5], "texture": "#2"},
				"up": {"uv": [0, 0, 16, 5], "rotation": 180, "texture": "#2"},
				"down": {"uv": [0, 0, 16, 5], "rotation": 180, "texture": "#2"}
			}
		},
		{
			"from": [0, 12.5, 13],
			"to": [16, 16, 18],
			"rotation": {"angle": 0, "axis": "y", "origin": [8, 8, 11.05]},
			"faces": {
				"north": {"uv": [0, 0, 16, 3.5], "texture": "#2"},
				"east": {"uv": [0, 0, 5, 3.5], "texture": "#2"},
				"south": {"uv": [0, 0, 16, 3.5], "texture": "#2"},
				"west": {"uv": [0, 0, 5, 3.5], "texture": "#2"},
				"up": {"uv": [0, 0, 16, 5], "rotation": 180, "texture": "#2"},
				"down": {"uv": [0, 0, 16, 5], "rotation": 180, "texture": "#2"}
			}
		},
		{
			"from": [14, 3.5, 13],
			"to": [16, 12.5, 18],
			"rotation": {"angle": 0, "axis": "y", "origin": [8, 8, 11.05]},
			"faces": {
				"north": {"uv": [0, 0, 2, 9], "texture": "#2"},
				"east": {"uv": [0, 0, 5, 9], "texture": "#2"},
				"south": {"uv": [0, 0, 2, 9], "texture": "#2"},
				"west": {"uv": [0, 0, 5, 9], "texture": "#2"},
				"up": {"uv": [0, 0, 2, 5], "rotation": 180, "texture": "#2"},
				"down": {"uv": [0, 0, 2, 5], "rotation": 180, "texture": "#2"}
			}
		},
		{
			"from": [14, 3.5, 13],
			"to": [16, 12.5, 18],
			"rotation": {"angle": 0, "axis": "y", "origin": [8, 8, 11.05]},
			"faces": {
				"north": {"uv": [0, 0, 2, 9], "texture": "#2"},
				"east": {"uv": [0, 0, 5, 9], "texture": "#2"},
				"south": {"uv": [0, 0, 2, 9], "texture": "#2"},
				"west": {"uv": [0, 0, 5, 9], "texture": "#2"},
				"up": {"uv": [0, 0, 2, 5], "rotation": 180, "texture": "#2"},
				"down": {"uv": [0, 0, 2, 5], "rotation": 180, "texture": "#2"}
			}
		},
		{
			"from": [0, 3.5, 13],
			"to": [2, 12.5, 18],
			"rotation": {"angle": 0, "axis": "y", "origin": [8, 8, 11.05]},
			"faces": {
				"north": {"uv": [0, 0, 2, 9], "texture": "#2"},
				"east": {"uv": [0, 0, 5, 9], "texture": "#2"},
				"south": {"uv": [0, 0, 2, 9], "texture": "#2"},
				"west": {"uv": [0, 0, 5, 9], "texture": "#2"},
				"up": {"uv": [0, 0, 2, 5], "rotation": 180, "texture": "#2"},
				"down": {"uv": [0, 0, 2, 5], "rotation": 180, "texture": "#2"}
			}
		},
		{
			"from": [3.1, 2.73177, 12.87034],
			"to": [9.2, 8.53177, 13.87034],
			"rotation": {"angle": -22.5, "axis": "x", "origin": [8, 8, 11.05]},
			"faces": {
				"north": {"uv": [0, 0, 6.1, 5.8], "texture": "#0"},
				"east": {"uv": [0, 0, 1, 5.8], "texture": "#0"},
				"south": {"uv": [0, 0, 16, 16], "texture": "#1"},
				"west": {"uv": [0, 0, 1, 5.8], "texture": "#0"},
				"up": {"uv": [0, 0, 6.1, 1], "rotation": 180, "texture": "#0"},
				"down": {"uv": [0, 0, 6.1, 1], "rotation": 180, "texture": "#0"}
			}
		},
		{
			"from": [11.3, 4.5, 12.5],
			"to": [13.3, 4.7, 13.5],
			"rotation": {"angle": 0, "axis": "y", "origin": [8, 8, 11.05]},
			"faces": {
				"north": {"uv": [0, 0, 2, 0.2], "texture": "#2"},
				"east": {"uv": [0, 0, 1, 0.2], "texture": "#2"},
				"south": {"uv": [0, 0, 2, 0.2], "texture": "#2"},
				"west": {"uv": [0, 0, 1, 0.2], "texture": "#2"},
				"up": {"uv": [0, 0, 2, 1], "rotation": 180, "texture": "#2"},
				"down": {"uv": [0, 0, 2, 1], "rotation": 180, "texture": "#2"}
			}
		},
		{
			"from": [9.7, 3.5, 12.5],
			"to": [9.9, 3.7, 15.7],
			"rotation": {"angle": 0, "axis": "y", "origin": [8, 8, 11.05]},
			"faces": {
				"north": {"uv": [0, 0, 0.2, 0.2], "texture": "#0"},
				"east": {"uv": [0, 0, 3.2, 0.2], "texture": "#0"},
				"south": {"uv": [0, 0, 0.2, 0.2], "texture": "#0"},
				"west": {"uv": [0, 0, 3.2, 0.2], "texture": "#0"},
				"up": {"uv": [0, 0, 0.2, 3.2], "rotation": 180, "texture": "#0"},
				"down": {"uv": [0, 0, 0.2, 3.2], "rotation": 180, "texture": "#0"}
			}
		},
		{
			"from": [11.2, 3.5, 12.5],
			"to": [11.4, 3.7, 15.7],
			"rotation": {"angle": 0, "axis": "y", "origin": [8, 8, 11.05]},
			"faces": {
				"north": {"uv": [0, 0, 0.2, 0.2], "texture": "#0"},
				"east": {"uv": [0, 0, 3.2, 0.2], "texture": "#0"},
				"south": {"uv": [0, 0, 0.2, 0.2], "texture": "#0"},
				"west": {"uv": [0, 0, 3.2, 0.2], "texture": "#0"},
				"up": {"uv": [0, 0, 0.2, 3.2], "rotation": 180, "texture": "#0"},
				"down": {"uv": [0, 0, 0.2, 3.2], "rotation": 180, "texture": "#0"}
			}
		},
		{
			"from": [9.9, 3.5, 15.5],
			"to": [11.2, 3.7, 15.7],
			"rotation": {"angle": 0, "axis": "y", "origin": [8, 8, 11.05]},
			"faces": {
				"north": {"uv": [0, 0, 1.3, 0.2], "texture": "#0"},
				"east": {"uv": [0, 0, 0.2, 0.2], "texture": "#0"},
				"south": {"uv": [0, 0, 1.3, 0.2], "texture": "#0"},
				"west": {"uv": [0, 0, 0.2, 0.2], "texture": "#0"},
				"up": {"uv": [0, 0, 1.3, 0.2], "rotation": 180, "texture": "#0"},
				"down": {"uv": [0, 0, 1.3, 0.2], "rotation": 180, "texture": "#0"}
			}
		},
		{
			"from": [11.3, 4.9, 12.5],
			"to": [13.3, 5.1, 13.5],
			"rotation": {"angle": 0, "axis": "y", "origin": [8, 8, 11.05]},
			"faces": {
				"north": {"uv": [0, 0, 2, 0.2], "texture": "#2"},
				"east": {"uv": [0, 0, 1, 0.2], "texture": "#2"},
				"south": {"uv": [0, 0, 2, 0.2], "texture": "#2"},
				"west": {"uv": [0, 0, 1, 0.2], "texture": "#2"},
				"up": {"uv": [0, 0, 2, 1], "rotation": 180, "texture": "#2"},
				"down": {"uv": [0, 0, 2, 1], "rotation": 180, "texture": "#2"}
			}
		},
		{
			"from": [13.1, 4.7, 12.5],
			"to": [13.3, 4.9, 13.5],
			"rotation": {"angle": 0, "axis": "y", "origin": [8, 8, 11.05]},
			"faces": {
				"north": {"uv": [0, 0, 0.2, 0.2], "texture": "#2"},
				"east": {"uv": [0, 0, 1, 0.2], "texture": "#2"},
				"south": {"uv": [0, 0, 0.2, 0.2], "texture": "#2"},
				"west": {"uv": [0, 0, 1, 0.2], "texture": "#2"},
				"up": {"uv": [0, 0, 0.2, 1], "rotation": 180, "texture": "#2"},
				"down": {"uv": [0, 0, 0.2, 1], "rotation": 180, "texture": "#2"}
			}
		},
		{
			"from": [11.3, 4.7, 12.5],
			"to": [11.5, 4.9, 13.5],
			"rotation": {"angle": 0, "axis": "y", "origin": [8, 8, 11.05]},
			"faces": {
				"north": {"uv": [0, 0, 0.2, 0.2], "texture": "#2"},
				"east": {"uv": [0, 0, 1, 0.2], "texture": "#2"},
				"south": {"uv": [0, 0, 0.2, 0.2], "texture": "#2"},
				"west": {"uv": [0, 0, 1, 0.2], "texture": "#2"},
				"up": {"uv": [0, 0, 0.2, 1], "rotation": 180, "texture": "#2"},
				"down": {"uv": [0, 0, 0.2, 1], "rotation": 180, "texture": "#2"}
			}
		},
		{
			"from": [10.2, 4.7, 12.5],
			"to": [10.4, 4.9, 13.5],
			"rotation": {"angle": 0, "axis": "y", "origin": [8, 8, 11.05]},
			"faces": {
				"north": {"uv": [0, 0, 0.2, 0.2], "texture": "#2"},
				"east": {"uv": [0, 0, 1, 0.2], "texture": "#2"},
				"south": {"uv": [0, 0, 0.2, 0.2], "texture": "#2"},
				"west": {"uv": [0, 0, 1, 0.2], "texture": "#2"},
				"up": {"uv": [0, 0, 0.2, 1], "rotation": 180, "texture": "#2"},
				"down": {"uv": [0, 0, 0.2, 1], "rotation": 180, "texture": "#2"}
			}
		},
		{
			"from": [10.2, 5.7, 12.5],
			"to": [10.4, 5.9, 13.5],
			"rotation": {"angle": 0, "axis": "y", "origin": [8, 8, 11.05]},
			"faces": {
				"north": {"uv": [0, 0, 0.2, 0.2], "texture": "#2"},
				"east": {"uv": [0, 0, 1, 0.2], "texture": "#2"},
				"south": {"uv": [0, 0, 0.2, 0.2], "texture": "#2"},
				"west": {"uv": [0, 0, 1, 0.2], "texture": "#2"},
				"up": {"uv": [0, 0, 0.2, 1], "rotation": 180, "texture": "#2"},
				"down": {"uv": [0, 0, 0.2, 1], "rotation": 180, "texture": "#2"}
			}
		},
		{
			"from": [10, 4.7, 12.5],
			"to": [10.2, 5.9, 13.5],
			"rotation": {"angle": 0, "axis": "y", "origin": [8, 8, 11.05]},
			"faces": {
				"north": {"uv": [0, 0, 0.2, 1.2], "texture": "#2"},
				"east": {"uv": [0, 0, 1, 1.2], "texture": "#2"},
				"south": {"uv": [0, 0, 0.2, 1.2], "texture": "#2"},
				"west": {"uv": [0, 0, 1, 1.2], "texture": "#2"},
				"up": {"uv": [0, 0, 0.2, 1], "rotation": 180, "texture": "#2"},
				"down": {"uv": [0, 0, 0.2, 1], "rotation": 180, "texture": "#2"}
			}
		},
		{
			"from": [10.4, 4.7, 12.5],
			"to": [10.6, 5.9, 13.5],
			"rotation": {"angle": 0, "axis": "y", "origin": [8, 8, 11.05]},
			"faces": {
				"north": {"uv": [0, 0, 0.2, 1.2], "texture": "#2"},
				"east": {"uv": [0, 0, 1, 1.2], "texture": "#2"},
				"south": {"uv": [0, 0, 0.2, 1.2], "texture": "#2"},
				"west": {"uv": [0, 0, 1, 1.2], "texture": "#2"},
				"up": {"uv": [0, 0, 0.2, 1], "rotation": 180, "texture": "#2"},
				"down": {"uv": [0, 0, 0.2, 1], "rotation": 180, "texture": "#2"}
			}
		},
		{
			"from": [3.1, 5.25272, 11.85408],
			"to": [9.2, 6.15272, 12.85408],
			"rotation": {"angle": -22.5, "axis": "x", "origin": [8, 8, 11.05]},
			"faces": {
				"north": {"uv": [0, 0, 6.1, 0.9], "texture": "#0"},
				"east": {"uv": [0, 0, 1, 0.9], "texture": "#0"},
				"south": {"uv": [0, 0, 6.1, 0.9], "texture": "#0"},
				"west": {"uv": [0, 0, 1, 0.9], "texture": "#0"},
				"up": {"uv": [0, 0, 6.1, 1], "rotation": 180, "texture": "#0"},
				"down": {"uv": [0, 0, 6.1, 1], "rotation": 180, "texture": "#0"}
			}
		}
	],
	"display": {
		"thirdperson_righthand": {
			"rotation": [74, 180, 0],
			"translation": [0, 0, 0.5],
			"scale": [0.16, 0.16, 0.16]
		},
		"thirdperson_lefthand": {
			"rotation": [74, 180, 0],
			"translation": [0, 0, 0.5],
			"scale": [0.16, 0.16, 0.16]
		},
		"firstperson_righthand": {
			"rotation": [0, 180, 0],
			"translation": [3, 0.5, 0],
			"scale": [0.25, 0.25, 0.25]
		},
		"firstperson_lefthand": {
			"rotation": [0, 180, 0],
			"translation": [3, 0.5, 0],
			"scale": [0.25, 0.25, 0.25]
		},
		"ground": {
			"scale": [0.16, 0.16, 0.16]
		},
		"gui": {
			"rotation": [24, 38, 0],
			"scale": [0.5, 0.5, 0.5]
		},
		"head": {
			"scale": [0, 0, 0.02]
		},
		"fixed": {
			"rotation": [0, 180, 0],
			"translation": [0, 0, 4.5]
		}
	}
}