{
	"credit": "Made with Blockbench",
	"textures": {
		"0": "item/AK-47clip",
		"particle": "item/AK-47clip"
	},
	"elements": [
		{
			"from": [6.3, 4.92875, 8.28003],
			"to": [6.5, 9.92875, 11.38003],
			"rotation": {"angle": 0, "axis": "x", "origin": [7.3, 6.42875, 9.83003]},
			"faces": {
				"north": {"uv": [0, 0, 0.2, 5], "texture": "#0"},
				"east": {"uv": [0, 0, 3.1, 5], "texture": "#0"},
				"south": {"uv": [0, 0, 0.2, 5], "texture": "#0"},
				"west": {"uv": [0, 0, 3.1, 5], "texture": "#0"},
				"up": {"uv": [0, 0, 0.2, 3.1], "texture": "#0"},
				"down": {"uv": [0, 0, 0.2, 3.1], "texture": "#0"}
			}
		},
		{
			"from": [6.3, 4.92875, 8.08003],
			"to": [8.3, 9.92875, 8.28003],
			"rotation": {"angle": 0, "axis": "x", "origin": [7.3, 6.42875, 9.83003]},
			"faces": {
				"north": {"uv": [0, 0, 2, 5], "texture": "#0"},
				"east": {"uv": [0, 0, 0.2, 5], "texture": "#0"},
				"south": {"uv": [0, 0, 2, 5], "texture": "#0"},
				"west": {"uv": [0, 0, 0.2, 5], "texture": "#0"},
				"up": {"uv": [0, 0, 2, 0.2], "texture": "#0"},
				"down": {"uv": [0, 0, 2, 0.2], "texture": "#0"}
			}
		},
		{
			"from": [8.1, 4.92875, 8.28003],
			"to": [8.3, 9.92875, 11.38003],
			"rotation": {"angle": 0, "axis": "x", "origin": [7.3, 6.42875, 9.83003]},
			"faces": {
				"north": {"uv": [0, 0, 0.2, 5], "texture": "#0"},
				"east": {"uv": [0, 0, 3.1, 5], "texture": "#0"},
				"south": {"uv": [0, 0, 0.2, 5], "texture": "#0"},
				"west": {"uv": [0, 0, 3.1, 5], "texture": "#0"},
				"up": {"uv": [0, 0, 0.2, 3.1], "texture": "#0"},
				"down": {"uv": [0, 0, 0.2, 3.1], "texture": "#0"}
			}
		},
		{
			"from": [6.3, 4.92875, 11.38003],
			"to": [8.3, 9.92875, 11.58003],
			"rotation": {"angle": 0, "axis": "x", "origin": [7.3, 6.42875, 9.83003]},
			"faces": {
				"north": {"uv": [0, 0, 2, 5], "texture": "#0"},
				"east": {"uv": [0, 0, 0.2, 5], "texture": "#0"},
				"south": {"uv": [0, 0, 2, 5], "texture": "#0"},
				"west": {"uv": [0, 0, 0.2, 5], "texture": "#0"},
				"up": {"uv": [0, 0, 2, 0.2], "texture": "#0"},
				"down": {"uv": [0, 0, 2, 0.2], "texture": "#0"}
			}
		},
		{
			"from": [6.3, 1.1, 5.5],
			"to": [8.3, 1.2, 9],
			"rotation": {"angle": 45, "axis": "x", "origin": [7.3, 1.45, 7.25]},
			"faces": {
				"north": {"uv": [0, 0, 2, 0.1], "texture": "#0"},
				"east": {"uv": [0, 0, 3.5, 0.1], "texture": "#0"},
				"south": {"uv": [0, 0, 2, 0.1], "texture": "#0"},
				"west": {"uv": [0, 0, 3.5, 0.1], "texture": "#0"},
				"up": {"uv": [0, 0, 2, 3.5], "texture": "#0"},
				"down": {"uv": [0, 0, 2, 3.5], "texture": "#0"}
			}
		},
		{
			"from": [6.3, 1.2, 5.5],
			"to": [8.3, 4.2, 5.7],
			"rotation": {"angle": 45, "axis": "x", "origin": [7.3, 1.45, 7.25]},
			"faces": {
				"north": {"uv": [0, 0, 2, 3], "texture": "#0"},
				"east": {"uv": [0, 0, 0.2, 3], "texture": "#0"},
				"south": {"uv": [0, 0, 2, 3], "texture": "#0"},
				"west": {"uv": [0, 0, 0.2, 3], "texture": "#0"},
				"up": {"uv": [0, 0, 2, 0.2], "texture": "#0"},
				"down": {"uv": [0, 0, 2, 0.2], "texture": "#0"}
			}
		},
		{
			"from": [6.3, 1.2, 8.8],
			"to": [8.3, 4.2, 9],
			"rotation": {"angle": 45, "axis": "x", "origin": [7.3, 1.45, 7.25]},
			"faces": {
				"north": {"uv": [0, 0, 2, 3], "texture": "#0"},
				"east": {"uv": [0, 0, 0.2, 3], "texture": "#0"},
				"south": {"uv": [0, 0, 2, 3], "texture": "#0"},
				"west": {"uv": [0, 0, 0.2, 3], "texture": "#0"},
				"up": {"uv": [0, 0, 2, 0.2], "texture": "#0"},
				"down": {"uv": [0, 0, 2, 0.2], "texture": "#0"}
			}
		},
		{
			"from": [8.1, 1.2, 5.7],
			"to": [8.3, 4.2, 8.8],
			"rotation": {"angle": 45, "axis": "x", "origin": [7.3, 1.45, 7.25]},
			"faces": {
				"north": {"uv": [0, 0, 0.2, 3], "texture": "#0"},
				"east": {"uv": [0, 0, 3.1, 3], "texture": "#0"},
				"south": {"uv": [0, 0, 0.2, 3], "texture": "#0"},
				"west": {"uv": [0, 0, 3.1, 3], "texture": "#0"},
				"up": {"uv": [0, 0, 0.2, 3.1], "texture": "#0"},
				"down": {"uv": [0, 0, 0.2, 3.1], "texture": "#0"}
			}
		},
		{
			"from": [6.3, 1.2, 5.7],
			"to": [6.5, 4.2, 8.8],
			"rotation": {"angle": 45, "axis": "x", "origin": [7.3, 1.45, 7.25]},
			"faces": {
				"north": {"uv": [0, 0, 0.2, 3], "texture": "#0"},
				"east": {"uv": [0, 0, 3.1, 3], "texture": "#0"},
				"south": {"uv": [0, 0, 0.2, 3], "texture": "#0"},
				"west": {"uv": [0, 0, 3.1, 3], "texture": "#0"},
				"up": {"uv": [0, 0, 0.2, 3.1], "texture": "#0"},
				"down": {"uv": [0, 0, 0.2, 3.1], "texture": "#0"}
			}
		},
		{
			"from": [6.3001, 2.90683, 6.66347],
			"to": [8.2999, 5.90663, 6.86327],
			"rotation": {"angle": 22.5, "axis": "x", "origin": [7.3, 1.85673, 8.41337]},
			"faces": {
				"north": {"uv": [0, 0, 2, 3], "texture": "#0"},
				"east": {"uv": [0, 0, 0.2, 3], "texture": "#0"},
				"south": {"uv": [0, 0, 2, 3], "texture": "#0"},
				"west": {"uv": [0, 0, 0.2, 3], "texture": "#0"},
				"up": {"uv": [0, 0, 2, 0.2], "texture": "#0"},
				"down": {"uv": [0, 0, 2, 0.2], "texture": "#0"}
			}
		},
		{
			"from": [6.3001, 2.90683, 9.96347],
			"to": [8.2999, 5.90663, 10.16327],
			"rotation": {"angle": 22.5, "axis": "x", "origin": [7.3, 1.85673, 8.41337]},
			"faces": {
				"north": {"uv": [0, 0, 2, 3], "texture": "#0"},
				"east": {"uv": [0, 0, 0.2, 3], "texture": "#0"},
				"south": {"uv": [0, 0, 2, 3], "texture": "#0"},
				"west": {"uv": [0, 0, 0.2, 3], "texture": "#0"},
				"up": {"uv": [0, 0, 2, 0.2], "texture": "#0"},
				"down": {"uv": [0, 0, 2, 0.2], "texture": "#0"}
			}
		},
		{
			"from": [8.1001, 2.90683, 6.86347],
			"to": [8.2999, 5.90663, 9.96327],
			"rotation": {"angle": 22.5, "axis": "x", "origin": [7.3, 1.85673, 8.41337]},
			"faces": {
				"north": {"uv": [0, 0, 0.2, 3], "texture": "#0"},
				"east": {"uv": [0, 0, 3.1, 3], "texture": "#0"},
				"south": {"uv": [0, 0, 0.2, 3], "texture": "#0"},
				"west": {"uv": [0, 0, 3.1, 3], "texture": "#0"},
				"up": {"uv": [0, 0, 0.2, 3.1], "texture": "#0"},
				"down": {"uv": [0, 0, 0.2, 3.1], "texture": "#0"}
			}
		},
		{
			"from": [6.3001, 2.90683, 6.86347],
			"to": [6.4999, 5.90663, 9.96327],
			"rotation": {"angle": 22.5, "axis": "x", "origin": [7.3, 1.85673, 8.41337]},
			"faces": {
				"north": {"uv": [0, 0, 0.2, 3], "texture": "#0"},
				"east": {"uv": [0, 0, 3.1, 3], "texture": "#0"},
				"south": {"uv": [0, 0, 0.2, 3], "texture": "#0"},
				"west": {"uv": [0, 0, 3.1, 3], "texture": "#0"},
				"up": {"uv": [0, 0, 0.2, 3.1], "texture": "#0"},
				"down": {"uv": [0, 0, 0.2, 3.1], "texture": "#0"}
			}
		},
		{
			"from": [7, 8.6, 8.3],
			"to": [7.6, 8.8, 11.4],
			"rotation": {"angle": 0, "axis": "y", "origin": [0.9, -2, -0.1]},
			"faces": {
				"north": {"uv": [0, 15.8, 0.6, 16], "texture": "#0"},
				"east": {"uv": [0, 15, 6, 16], "texture": "#0"},
				"south": {"uv": [0, 15.8, 0.6, 16], "texture": "#0"},
				"west": {"uv": [0, 15, 6, 16], "texture": "#0"},
				"up": {"uv": [0, 11, 1, 16], "texture": "#0"},
				"down": {"uv": [0, 11, 1, 16], "texture": "#0"}
			}
		},
		{
			"from": [7, 9.84853, 8.3],
			"to": [7.6, 10.04853, 11.4],
			"rotation": {"angle": 0, "axis": "y", "origin": [0.9, -0.75147, -0.1]},
			"faces": {
				"north": {"uv": [0, 15.8, 0.6, 16], "texture": "#0"},
				"east": {"uv": [0, 15, 6, 16], "texture": "#0"},
				"south": {"uv": [0, 15.8, 0.6, 16], "texture": "#0"},
				"west": {"uv": [0, 15, 6, 16], "texture": "#0"},
				"up": {"uv": [13, 11, 14, 16], "texture": "#0"},
				"down": {"uv": [15, 11, 16, 16], "texture": "#0"}
			}
		},
		{
			"from": [7.8245, 9.02446, 8.3002],
			"to": [8.0241, 9.62406, 11.3998],
			"rotation": {"angle": 0, "axis": "y", "origin": [1.72426, -1.57574, -0.1]},
			"faces": {
				"north": {"uv": [5.1, 15.4, 5.3, 16], "texture": "#0"},
				"east": {"uv": [11, 12, 16, 13], "texture": "#0"},
				"south": {"uv": [5.8, 15.4, 5.9, 16], "texture": "#0"},
				"west": {"uv": [3, 15, 8, 16], "texture": "#0"},
				"up": {"uv": [4, 11, 5, 16], "texture": "#0"},
				"down": {"uv": [3, 11, 4, 16], "texture": "#0"}
			}
		},
		{
			"from": [7.44152, 8.78294, 8.3001],
			"to": [8.04132, 8.98274, 11.3999],
			"rotation": {"angle": 45, "axis": "z", "origin": [7.74142, 8.88284, 9.7]},
			"faces": {
				"north": {"uv": [0, 15.8, 0.7, 16], "texture": "#0"},
				"east": {"uv": [2, 14, 7, 15], "texture": "#0"},
				"south": {"uv": [0, 15.8, 0.6, 16], "texture": "#0"},
				"west": {"uv": [2, 13, 7, 14], "texture": "#0"},
				"up": {"uv": [15, 11, 16, 16], "texture": "#0"},
				"down": {"uv": [15, 11, 16, 16], "texture": "#0"}
			}
		},
		{
			"from": [7.44152, 9.66579, 8.3001],
			"to": [8.04132, 9.86559, 11.3999],
			"rotation": {"angle": -45, "axis": "z", "origin": [7.74142, 9.76569, 9.7]},
			"faces": {
				"north": {"uv": [0, 15.8, 0.6, 16], "texture": "#0"},
				"east": {"uv": [11, 15, 16, 16], "texture": "#0"},
				"south": {"uv": [0, 15.8, 0.6, 16], "texture": "#0"},
				"west": {"uv": [0, 15, 5, 16], "texture": "#0"},
				"up": {"uv": [13, 11, 14, 16], "texture": "#0"},
				"down": {"uv": [12, 11, 13, 16], "texture": "#0"}
			}
		},
		{
			"from": [6.55868, 8.78294, 8.3001],
			"to": [7.15848, 8.98274, 11.3999],
			"rotation": {"angle": -45, "axis": "z", "origin": [6.85858, 8.88284, 9.7]},
			"faces": {
				"north": {"uv": [0, 15.8, 0.6, 16], "texture": "#0"},
				"east": {"uv": [4, 11, 9, 12], "texture": "#0"},
				"south": {"uv": [0.9, 15.8, 1.5, 16], "texture": "#0"},
				"west": {"uv": [3, 11, 8, 12], "texture": "#0"},
				"up": {"uv": [7, 11, 8, 16], "texture": "#0"},
				"down": {"uv": [6, 11, 7, 16], "texture": "#0"}
			}
		},
		{
			"from": [6.57594, 9.02446, 8.3002],
			"to": [6.77554, 9.62406, 11.3998],
			"rotation": {"angle": 0, "axis": "y", "origin": [0.47574, -1.57574, -0.1]},
			"faces": {
				"north": {"uv": [0, 15.4, 0.2, 16], "texture": "#0"},
				"east": {"uv": [0, 15, 5, 16], "texture": "#0"},
				"south": {"uv": [0, 15.4, 0.2, 16], "texture": "#0"},
				"west": {"uv": [11, 15, 16, 16], "texture": "#0"},
				"up": {"uv": [4, 11, 5, 16], "texture": "#0"},
				"down": {"uv": [5, 11, 6, 16], "texture": "#0"}
			}
		},
		{
			"from": [6.75868, 9.46579, 8.3001],
			"to": [6.95848, 10.06559, 11.3999],
			"rotation": {"angle": -45, "axis": "z", "origin": [6.85858, 9.76569, 9.7]},
			"faces": {
				"north": {"uv": [0, 15.8, 0.6, 16], "rotation": 270, "texture": "#0"},
				"east": {"uv": [9, 11, 10, 16], "rotation": 90, "texture": "#0"},
				"south": {"uv": [0, 15.8, 0.6, 16], "rotation": 90, "texture": "#0"},
				"west": {"uv": [11, 11, 12, 16], "rotation": 90, "texture": "#0"},
				"up": {"uv": [2, 15, 7, 16], "rotation": 90, "texture": "#0"},
				"down": {"uv": [11, 15, 16, 16], "rotation": 90, "texture": "#0"}
			}
		}
	],
	"display": {
		"thirdperson_righthand": {
			"rotation": [49.75, 0, 0],
			"translation": [0, 1.25, 0.25],
			"scale": [0.4, 0.4, 0.4]
		},
		"thirdperson_lefthand": {
			"rotation": [49.75, 0, 0],
			"translation": [0, 1.25, 0.25],
			"scale": [0.4, 0.4, 0.4]
		},
		"firstperson_righthand": {
			"translation": [-1.25, 4, 3.75],
			"scale": [0.4, 0.4, 0.4]
		},
		"firstperson_lefthand": {
			"translation": [-1.5, 4, 3.75],
			"scale": [0.4, 0.4, 0.4]
		},
		"ground": {
			"rotation": [0, 1, 90],
			"translation": [-1, -2, -0.75],
			"scale": [0.4, 0.4, 0.4]
		},
		"gui": {
			"rotation": [31, 43, -4],
			"translation": [0, 2.75, 0]
		},
		"fixed": {
			"rotation": [0, 90, 0],
			"translation": [0, 1, -1]
		}
	},
	"groups": [
		{
			"name": "clip",
			"origin": [7.3, 1.85673, 8.41337],
			"color": 0,
			"children": [0, 1, 2, 3, 4, 5, 6, 7, 8, 9, 10, 11, 12]
		},
		13,
		14,
		15,
		16,
		17,
		18,
		19,
		20
	]
}