{
	"credit": "Made with Blockbench",
	"textures": {
		"0": "item/mossberg-930",
		"particle": "item/mossberg-930"
	},
	"elements": [
		{
			"from": [7.5, 3.5, 0],
			"to": [8, 4, 6.9],
			"faces": {
				"north": {"uv": [0, 0, 2, 2], "texture": "#0"},
				"east": {"uv": [2, 12, 16, 14], "texture": "#0"},
				"south": {"uv": [0, 0, 2, 2], "texture": "#0"},
				"west": {"uv": [2, 14, 16, 16], "texture": "#0"},
				"up": {"uv": [1, 0, 3, 14], "texture": "#0"},
				"down": {"uv": [2, 0, 4, 14], "texture": "#0"}
			}
		},
		{
			"from": [7.55, 2.9, 0.1],
			"to": [7.95, 3.3, 2.5],
			"faces": {
				"north": {"uv": [0, 0, 2, 2], "texture": "#0"},
				"east": {"uv": [11, 6, 16, 8], "texture": "#0"},
				"south": {"uv": [0, 0, 2, 2], "texture": "#0"},
				"west": {"uv": [11, 6, 16, 8], "texture": "#0"},
				"up": {"uv": [14, 0, 16, 5], "texture": "#0"},
				"down": {"uv": [12, 0, 14, 5], "texture": "#0"}
			}
		},
		{
			"from": [7.4, 2.85, 2.35],
			"to": [8.1, 3.55, 7.05],
			"faces": {
				"north": {"uv": [11, 4, 14, 7], "texture": "#0"},
				"east": {"uv": [8, 13, 16, 16], "texture": "#0"},
				"south": {"uv": [13, 4, 16, 7], "texture": "#0"},
				"west": {"uv": [0, 0, 8, 3], "texture": "#0"},
				"up": {"uv": [0, 0, 3, 8], "texture": "#0"},
				"down": {"uv": [7, 2, 10, 10], "texture": "#0"}
			}
		},
		{
			"from": [7.46, 3.06866, 9.7233],
			"to": [8.04, 3.84866, 10.8033],
			"rotation": {"angle": 22.5, "axis": "x", "origin": [7.75, 3.25866, 10.4633]},
			"faces": {
				"north": {"uv": [0, 0, 0.6, 0.8], "texture": "#0"},
				"east": {"uv": [0, 0, 1.1, 0.8], "texture": "#0"},
				"south": {"uv": [0, 0, 0.6, 0.8], "texture": "#0"},
				"west": {"uv": [0, 0, 1.1, 0.8], "texture": "#0"},
				"up": {"uv": [0, 0, 0.6, 1.1], "texture": "#0"},
				"down": {"uv": [0, 0, 0.6, 1.1], "texture": "#0"}
			}
		},
		{
			"from": [7.46, 2.71227, 11.98736],
			"to": [8.04, 3.49227, 13.16736],
			"rotation": {"angle": 45, "axis": "x", "origin": [7.75, 3.10227, 11.82736]},
			"faces": {
				"north": {"uv": [0, 0, 0.6, 0.8], "texture": "#0"},
				"east": {"uv": [0, 0, 1.2, 0.8], "texture": "#0"},
				"south": {"uv": [0, 0, 0.6, 0.8], "texture": "#0"},
				"west": {"uv": [0, 0, 1.2, 0.8], "texture": "#0"},
				"up": {"uv": [0, 0, 0.6, 1.2], "texture": "#0"},
				"down": {"uv": [0, 0, 0.6, 1.2], "texture": "#0"}
			}
		},
		{
			"from": [7.46, 2.72641, 13.17322],
			"to": [8.04, 3.10641, 13.35322],
			"rotation": {"angle": 45, "axis": "x", "origin": [7.75, 3.11641, 11.81322]},
			"faces": {
				"north": {"uv": [0, 0, 0.6, 0.4], "texture": "#0"},
				"east": {"uv": [0, 0, 0.2, 0.4], "texture": "#0"},
				"south": {"uv": [0, 0, 0.6, 0.4], "texture": "#0"},
				"west": {"uv": [0, 0, 0.2, 0.4], "texture": "#0"},
				"up": {"uv": [0, 0, 0.6, 0.2], "texture": "#0"},
				"down": {"uv": [0, 0, 0.6, 0.2], "texture": "#0"}
			}
		},
		{
			"from": [7.45, 2.9, 6.7],
			"to": [8.05, 4.1, 10],
			"faces": {
				"north": {"uv": [0, 0, 2, 6], "texture": "#0"},
				"east": {"uv": [9.9, 1, 15.9, 6], "texture": "#0"},
				"south": {"uv": [3, 0, 5, 6], "texture": "#0"},
				"west": {"uv": [10, 4, 16, 9], "texture": "#0"},
				"up": {"uv": [3, 0, 5, 6], "texture": "#0"},
				"down": {"uv": [5, 0, 7, 6], "texture": "#0"}
			}
		},
		{
			"from": [7.65, 4.1, 7.7],
			"to": [7.85, 4.3, 9.6],
			"faces": {
				"north": {"uv": [0, 0, 0.2, 0.2], "texture": "#0"},
				"east": {"uv": [0, 0, 1.9, 0.2], "texture": "#0"},
				"south": {"uv": [0, 0, 0.2, 0.2], "texture": "#0"},
				"west": {"uv": [0, 0, 1.9, 0.2], "texture": "#0"},
				"up": {"uv": [0, 0, 0.2, 1.9], "texture": "#0"},
				"down": {"uv": [0, 0, 0.2, 1.9], "texture": "#0"}
			}
		},
		{
			"from": [7.55, 4.1, 8.7],
			"to": [7.65, 4.5, 9.3],
			"faces": {
				"north": {"uv": [0, 0, 0.1, 0.4], "texture": "#0"},
				"east": {"uv": [0, 0, 0.6, 0.4], "texture": "#0"},
				"south": {"uv": [0, 0, 0.1, 0.4], "texture": "#0"},
				"west": {"uv": [0, 0, 0.6, 0.4], "texture": "#0"},
				"up": {"uv": [0, 0, 0.1, 0.6], "texture": "#0"},
				"down": {"uv": [0, 0, 0.1, 0.6], "texture": "#0"}
			}
		},
		{
			"from": [7.85, 4.1, 8.7],
			"to": [7.95, 4.5, 9.3],
			"faces": {
				"north": {"uv": [0, 0, 0.1, 0.4], "texture": "#0"},
				"east": {"uv": [0, 0, 0.6, 0.4], "texture": "#0"},
				"south": {"uv": [0, 0, 0.1, 0.4], "texture": "#0"},
				"west": {"uv": [0, 0, 0.6, 0.4], "texture": "#0"},
				"up": {"uv": [0, 0, 0.1, 0.6], "texture": "#0"},
				"down": {"uv": [0, 0, 0.1, 0.6], "texture": "#0"}
			}
		},
		{
			"from": [7.55, 3.9, 0.3],
			"to": [7.65, 4.6, 0.9],
			"faces": {
				"north": {"uv": [0, 0, 0.1, 0.7], "texture": "#0"},
				"east": {"uv": [0, 0, 0.6, 0.7], "texture": "#0"},
				"south": {"uv": [0, 0, 0.1, 0.7], "texture": "#0"},
				"west": {"uv": [0, 0, 0.6, 0.7], "texture": "#0"},
				"up": {"uv": [0, 0, 0.1, 0.6], "texture": "#0"},
				"down": {"uv": [0, 0, 0.1, 0.6], "texture": "#0"}
			}
		},
		{
			"from": [7.65, 3.9, 0.3],
			"to": [7.85, 4.3, 0.9],
			"faces": {
				"north": {"uv": [0, 0, 0.2, 0.4], "texture": "#0"},
				"east": {"uv": [0, 0, 0.6, 0.4], "texture": "#0"},
				"south": {"uv": [0, 0, 0.2, 0.4], "texture": "#0"},
				"west": {"uv": [0, 0, 0.6, 0.4], "texture": "#0"},
				"up": {"uv": [0, 0, 0.2, 0.6], "texture": "#0"},
				"down": {"uv": [0, 0, 0.2, 0.6], "texture": "#0"}
			}
		},
		{
			"from": [7.85, 3.9, 0.3],
			"to": [7.95, 4.6, 0.9],
			"faces": {
				"north": {"uv": [0, 0, 0.1, 0.7], "texture": "#0"},
				"east": {"uv": [0, 0, 0.6, 0.7], "texture": "#0"},
				"south": {"uv": [0, 0, 0.1, 0.7], "texture": "#0"},
				"west": {"uv": [0, 0, 0.6, 0.7], "texture": "#0"},
				"up": {"uv": [0, 0, 0.1, 0.6], "texture": "#0"},
				"down": {"uv": [0, 0, 0.1, 0.6], "texture": "#0"}
			}
		},
		{
			"from": [7.449, 2.499, 11.899],
			"to": [8.051, 3.401, 15.201],
			"faces": {
				"north": {"uv": [0, 0, 0.6, 0.9], "texture": "#0"},
				"east": {"uv": [0, 0, 8, 3], "texture": "#0"},
				"south": {"uv": [0, 0, 0.6, 0.9], "texture": "#0"},
				"west": {"uv": [0, 0, 8, 3], "texture": "#0"},
				"up": {"uv": [0, 0, 3, 8], "texture": "#0"},
				"down": {"uv": [0, 0, 3, 8], "texture": "#0"}
			}
		},
		{
			"from": [7.44999, 2.09999, 12.69999],
			"to": [8.05001, 2.60001, 15.20001],
			"faces": {
				"north": {"uv": [0, 0, 0.6, 0.5], "texture": "#0"},
				"east": {"uv": [0, 0, 6, 2], "texture": "#0"},
				"south": {"uv": [0, 0, 0.6, 0.5], "texture": "#0"},
				"west": {"uv": [0, 0, 6, 2], "texture": "#0"},
				"up": {"uv": [14, 10, 16, 16], "texture": "#0"},
				"down": {"uv": [14, 10, 16, 16], "texture": "#0"}
			}
		},
		{
			"from": [7.45, 2, 14.2],
			"to": [8.05, 2.1, 15.2],
			"faces": {
				"north": {"uv": [0, 0, 0.6, 0.1], "texture": "#0"},
				"east": {"uv": [0, 0, 1, 0.1], "texture": "#0"},
				"south": {"uv": [0, 0, 0.6, 0.1], "texture": "#0"},
				"west": {"uv": [0, 0, 1, 0.1], "texture": "#0"},
				"up": {"uv": [0, 0, 0.6, 1], "texture": "#0"},
				"down": {"uv": [0, 0, 0.6, 1], "texture": "#0"}
			}
		},
		{
			"from": [7.45, 1.9, 15.2],
			"to": [8.05, 3.4, 16.2],
			"faces": {
				"north": {"uv": [0, 0, 0.6, 1.5], "texture": "#0"},
				"east": {"uv": [0, 0, 3, 5], "texture": "#0"},
				"south": {"uv": [0, 0, 0.6, 5], "texture": "#0"},
				"west": {"uv": [0, 0, 3, 5], "texture": "#0"},
				"up": {"uv": [0, 0, 3, 3], "texture": "#0"},
				"down": {"uv": [0, 0, 3, 3], "texture": "#0"}
			}
		},
		{
			"from": [7.4499, 2.8999, 9.9999],
			"to": [8.0501, 3.7001, 11.2001],
			"faces": {
				"north": {"uv": [0, 0, 0.6, 0.8], "texture": "#0"},
				"east": {"uv": [0, 0, 4, 3], "texture": "#0"},
				"south": {"uv": [0, 0, 0.6, 0.8], "texture": "#0"},
				"west": {"uv": [0, 0, 4, 3], "texture": "#0"},
				"up": {"uv": [0, 0, 1, 3], "texture": "#0"},
				"down": {"uv": [7, 3, 8, 6], "texture": "#0"}
			}
		},
		{
			"from": [7.452, 2.602, 10.002],
			"to": [8.048, 2.698, 11.198],
			"faces": {
				"north": {"uv": [0, 0, 0.6, 0.8], "texture": "#0"},
				"east": {"uv": [0, 0, 4, 3], "texture": "#0"},
				"south": {"uv": [0, 0, 0.6, 0.8], "texture": "#0"},
				"west": {"uv": [0, 0, 4, 3], "texture": "#0"},
				"up": {"uv": [0, 0, 1, 3], "texture": "#0"},
				"down": {"uv": [7, 3, 8, 6], "texture": "#0"}
			}
		},
		{
			"from": [7.452, 2.82688, 11.13457],
			"to": [8.046, 2.92088, 11.72857],
			"rotation": {"angle": -22.5, "axis": "x", "origin": [7.749, 2.87388, 11.73157]},
			"faces": {
				"north": {"uv": [0, 0, 0.6, 0.8], "texture": "#0"},
				"east": {"uv": [0, 0, 4, 3], "texture": "#0"},
				"south": {"uv": [0, 0, 0.6, 0.8], "texture": "#0"},
				"west": {"uv": [0, 0, 4, 3], "texture": "#0"},
				"up": {"uv": [0, 0, 1, 3], "texture": "#0"},
				"down": {"uv": [7, 3, 8, 6], "texture": "#0"}
			}
		},
		{
			"from": [7.452, 2.8279, 8.86634],
			"to": [8.0526, 2.9285, 10.06694],
			"rotation": {"angle": 22.5, "axis": "x", "origin": [7.7523, 2.8782, 9.46664]},
			"faces": {
				"north": {"uv": [0, 0, 0.6, 0.8], "texture": "#0"},
				"east": {"uv": [0, 0, 4, 3], "texture": "#0"},
				"south": {"uv": [0, 0, 0.6, 0.8], "texture": "#0"},
				"west": {"uv": [0, 0, 4, 3], "texture": "#0"},
				"up": {"uv": [0, 0, 1, 3], "texture": "#0"},
				"down": {"uv": [7, 3, 8, 6], "texture": "#0"}
			}
		},
		{
			"from": [7.45, 2.70084, 11.00125],
			"to": [8.05, 3.50084, 12.20125],
			"rotation": {"angle": 22.5, "axis": "x", "origin": [7.75, 3.10084, 11.60125]},
			"faces": {
				"north": {"uv": [0, 0, 0.6, 0.8], "texture": "#0"},
				"east": {"uv": [0, 0, 4, 3], "texture": "#0"},
				"south": {"uv": [0, 0, 0.6, 0.8], "texture": "#0"},
				"west": {"uv": [0, 0, 4, 3], "texture": "#0"},
				"up": {"uv": [0, 0, 1, 3], "texture": "#0"},
				"down": {"uv": [7, 3, 8, 6], "texture": "#0"}
			}
		}
	],
	"display": {
		"thirdperson_righthand": {
			"rotation": [10, 0, 0],
			"translation": [0, 6, 0.75]
		},
		"thirdperson_lefthand": {
			"rotation": [10, 0, 0],
			"translation": [0, 6, 0.75]
		},
		"firstperson_righthand": {
			"translation": [0, 8.25, 2.25]
		},
		"firstperson_lefthand": {
			"translation": [0, 8.25, 2.25]
		},
		"ground": {
			"translation": [0, 2.5, 0]
		},
		"gui": {
			"rotation": [20, 27, 0],
			"translation": [0.5, 5, 0],
			"scale": [1.3, 1.3, 1.3]
		},
		"head": {
			"rotation": [90, -49.75, 90],
			"translation": [-3, -9.25, 4.25],
			"scale": [1.2, 1.2, 1.2]
		},
		"fixed": {
			"rotation": [90, -56.25, 90],
			"translation": [-3.5, 4, -0.5]
		}
	}
}