{
	"credit": "Made with Blockbench",
	"textures": {
		"0": "item/walter-pp",
		"particle": "item/walter-pp"
	},
	"elements": [
		{
			"from": [7.505, 0.805, 9.705],
			"to": [8.495, 3.895, 10.895],
			"rotation": {"angle": -22.5, "axis": "x", "origin": [8, 1.5, 10.2]},
			"faces": {
				"north": {"uv": [15, 12.9, 16, 16], "texture": "#0"},
				"east": {"uv": [14.8, 12.9, 16, 16], "texture": "#0"},
				"south": {"uv": [15, 12.9, 16, 16], "texture": "#0"},
				"west": {"uv": [14.8, 12.9, 16, 16], "texture": "#0"},
				"up": {"uv": [15, 14.8, 16, 16], "texture": "#0"},
				"down": {"uv": [15, 14.8, 16, 16], "texture": "#0"}
			}
		},
		{
			"from": [7.501, 3.07257, 12.38384],
			"to": [8.499, 3.47057, 12.78184],
			"rotation": {"angle": -45, "axis": "x", "origin": [8, 1.27157, 10.98284]},
			"faces": {
				"north": {"uv": [0, 0, 1, 0.4], "texture": "#0"},
				"east": {"uv": [0, 0, 0.4, 0.4], "texture": "#0"},
				"south": {"uv": [0, 0, 1, 0.4], "texture": "#0"},
				"west": {"uv": [0, 0, 0.4, 0.4], "texture": "#0"},
				"up": {"uv": [0, 0, 1, 0.4], "texture": "#0"},
				"down": {"uv": [0, 0, 1, 0.4], "texture": "#0"}
			}
		},
		{
			"from": [7.501, 2.87399, 12.58243],
			"to": [8.499, 3.07199, 12.78043],
			"rotation": {"angle": -45, "axis": "x", "origin": [8, 1.27299, 10.98143]},
			"faces": {
				"north": {"uv": [0, 0, 1, 0.2], "texture": "#0"},
				"east": {"uv": [0, 0, 0.2, 0.2], "texture": "#0"},
				"south": {"uv": [0, 0, 1, 0.2], "texture": "#0"},
				"west": {"uv": [0, 0, 0.2, 0.2], "texture": "#0"},
				"up": {"uv": [0, 0, 1, 0.2], "texture": "#0"},
				"down": {"uv": [0, 0, 1, 0.2], "texture": "#0"}
			}
		},
		{
			"from": [7.5, 3.7, 5.8],
			"to": [8.5, 4.1, 10.7],
			"rotation": {"angle": 0, "axis": "x", "origin": [8, 1.5, 10.2]},
			"faces": {
				"north": {"uv": [0, 0, 1, 0.4], "texture": "#0"},
				"east": {"uv": [0, 0, 5, 1], "texture": "#0"},
				"south": {"uv": [0, 0, 1, 0.4], "texture": "#0"},
				"west": {"uv": [0, 0, 5, 1], "texture": "#0"},
				"up": {"uv": [0, 0, 1, 4.9], "texture": "#0"},
				"down": {"uv": [0, 0, 1, 4.9], "texture": "#0"}
			}
		},
		{
			"from": [7.5, 3.6, 6.5],
			"to": [8.5, 3.7, 11.2],
			"rotation": {"angle": 0, "axis": "x", "origin": [8, 1.5, 10.2]},
			"faces": {
				"north": {"uv": [0, 0, 1, 0.1], "texture": "#0"},
				"east": {"uv": [0, 0, 4.7, 0.1], "texture": "#0"},
				"south": {"uv": [0, 0, 1, 0.1], "texture": "#0"},
				"west": {"uv": [0, 0, 4.7, 0.1], "texture": "#0"},
				"up": {"uv": [0, 0, 1, 4.7], "texture": "#0"},
				"down": {"uv": [0, 0, 1, 4.7], "texture": "#0"}
			}
		},
		{
			"from": [7.6, 4.1, 5.8],
			"to": [8.4, 4.2, 10.7],
			"rotation": {"angle": 0, "axis": "x", "origin": [8, 1.5, 10.2]},
			"faces": {
				"north": {"uv": [0, 0, 0.8, 0.1], "texture": "#0"},
				"east": {"uv": [0, 0, 4.9, 0.1], "texture": "#0"},
				"south": {"uv": [0, 0, 0.8, 0.1], "texture": "#0"},
				"west": {"uv": [0, 0, 4.9, 0.1], "texture": "#0"},
				"up": {"uv": [0, 0, 0.8, 4.9], "texture": "#0"},
				"down": {"uv": [0, 0, 0.8, 4.9], "texture": "#0"}
			}
		},
		{
			"from": [7.7001, 2.8001, 8.3001],
			"to": [8.2999, 2.8999, 8.8999],
			"rotation": {"angle": 0, "axis": "x", "origin": [8, 1.5, 10.2]},
			"faces": {
				"north": {"uv": [0, 0, 0.6, 0.1], "texture": "#0"},
				"east": {"uv": [0, 0, 0.6, 0.1], "texture": "#0"},
				"south": {"uv": [0, 0, 0.6, 0.1], "texture": "#0"},
				"west": {"uv": [0, 0, 0.6, 0.1], "texture": "#0"},
				"up": {"uv": [0, 0, 0.6, 0.6], "texture": "#0"},
				"down": {"uv": [0, 0, 0.6, 0.6], "texture": "#0"}
			}
		},
		{
			"from": [7.7001, 3.22436, 7.87584],
			"to": [8.2999, 3.52416, 7.97564],
			"rotation": {"angle": 0, "axis": "x", "origin": [8, 2.12426, 9.77574]},
			"faces": {
				"north": {"uv": [0, 0, 0.6, 0.3], "texture": "#0"},
				"east": {"uv": [0, 0, 0.1, 0.3], "texture": "#0"},
				"south": {"uv": [0, 0, 0.6, 0.3], "texture": "#0"},
				"west": {"uv": [0, 0, 0.1, 0.3], "texture": "#0"},
				"up": {"uv": [0, 0, 0.6, 0.1], "texture": "#0"},
				"down": {"uv": [0, 0, 0.6, 0.1], "texture": "#0"}
			}
		},
		{
			"from": [7.7, 2.99749, 8.77678],
			"to": [8.3, 3.09749, 9.37678],
			"rotation": {"angle": -45, "axis": "x", "origin": [8, 3.04749, 9.07678]},
			"faces": {
				"north": {"uv": [0, 0, 0.6, 0.1], "texture": "#0"},
				"east": {"uv": [0, 0, 0.6, 0.1], "texture": "#0"},
				"south": {"uv": [0, 0, 0.6, 0.1], "texture": "#0"},
				"west": {"uv": [0, 0, 0.6, 0.1], "texture": "#0"},
				"up": {"uv": [0, 0, 0.6, 0.6], "texture": "#0"},
				"down": {"uv": [0, 0, 0.6, 0.6], "texture": "#0"}
			}
		},
		{
			"from": [7.7001, 2.99759, 7.82332],
			"to": [8.3001, 3.09759, 8.42332],
			"rotation": {"angle": 45, "axis": "x", "origin": [8.0001, 3.04759, 8.12332]},
			"faces": {
				"north": {"uv": [0, 0, 0.6, 0.1], "texture": "#0"},
				"east": {"uv": [0, 0, 0.6, 0.1], "texture": "#0"},
				"south": {"uv": [0, 0, 0.6, 0.1], "texture": "#0"},
				"west": {"uv": [0, 0, 0.6, 0.1], "texture": "#0"},
				"up": {"uv": [0, 0, 0.6, 0.6], "texture": "#0"},
				"down": {"uv": [0, 0, 0.6, 0.6], "texture": "#0"}
			}
		},
		{
			"from": [7.7001, 3.04759, 8.57332],
			"to": [8.3001, 3.64759, 8.67332],
			"rotation": {"angle": 22.5, "axis": "x", "origin": [8.0001, 3.34759, 8.62332]},
			"faces": {
				"north": {"uv": [0, 0, 0.6, 0.6], "rotation": 180, "texture": "#0"},
				"east": {"uv": [0, 0, 0.6, 0.1], "rotation": 270, "texture": "#0"},
				"south": {"uv": [0, 0, 0.6, 0.6], "texture": "#0"},
				"west": {"uv": [0, 0, 0.6, 0.1], "rotation": 90, "texture": "#0"},
				"up": {"uv": [0, 0, 0.6, 0.1], "rotation": 180, "texture": "#0"},
				"down": {"uv": [0, 0, 0.6, 0.1], "texture": "#0"}
			}
		},
		{
			"from": [7.5, 3.5, 7.1],
			"to": [8.5, 3.6, 11.2],
			"rotation": {"angle": 0, "axis": "x", "origin": [8, 1.5, 10.2]},
			"faces": {
				"north": {"uv": [0, 0, 1, 0.1], "texture": "#0"},
				"east": {"uv": [0, 0, 4.1, 0.1], "texture": "#0"},
				"south": {"uv": [0, 0, 1, 0.1], "texture": "#0"},
				"west": {"uv": [0, 0, 4.1, 0.1], "texture": "#0"},
				"up": {"uv": [0, 0, 1, 4.1], "texture": "#0"},
				"down": {"uv": [0, 0, 1, 4.1], "texture": "#0"}
			}
		}
	],
	"display": {
		"thirdperson_righthand": {
			"rotation": [47, 0, 0],
			"translation": [0, 6, 4.75]
		},
		"thirdperson_lefthand": {
			"rotation": [47, 0, 0],
			"translation": [0, 6, 4.75]
		},
		"firstperson_righthand": {
			"translation": [0, 10.5, 0],
			"scale": [1, 1.53, 1]
		},
		"firstperson_lefthand": {
			"translation": [0, 10.5, 0],
			"scale": [1, 1.53, 1]
		},
		"ground": {
			"translation": [0, 4, 0]
		},
		"gui": {
			"rotation": [27.5, 43, 0],
			"translation": [-1.5, 10, 0],
			"scale": [2, 2, 2]
		}
	}
}