{
	"credit": "Made with Blockbench",
	"textures": {
		"0": "blocks/weapontable",
		"1": "blocks/weapontable_attachments",
		"particle": "blocks/weapontable"
	},
	"elements": [
		{
			"from": [0, 0, 0],
			"to": [16, 16, 16],
			"faces": {
				"north": {"uv": [0, 0, 16, 16], "texture": "#0"},
				"east": {"uv": [0, 0, 16, 16], "texture": "#0"},
				"south": {"uv": [0, 0, 16, 16], "texture": "#0"},
				"west": {"uv": [0, 0, 16, 16], "texture": "#0"},
				"up": {"uv": [0, 0, 16, 16], "texture": "#0"},
				"down": {"uv": [0, 0, 16, 16], "texture": "#0"}
			}
		},
		{
			"from": [13, 16, 9.25],
			"to": [13.5, 16.5, 9.75],
			"rotation": {"angle": -22.5, "axis": "y", "origin": [8.175, 16.26, 8.0473]},
			"faces": {
				"north": {"uv": [0, 0, 1, 1], "rotation": 180, "texture": "#1"},
				"east": {"uv": [0, 0, 1, 1], "rotation": 180, "texture": "#1"},
				"south": {"uv": [0, 0, 1, 1], "rotation": 180, "texture": "#1"},
				"west": {"uv": [0, 0, 1, 1], "rotation": 180, "texture": "#1"},
				"up": {"uv": [0, 0, 1, 1], "rotation": 180, "texture": "#1"},
				"down": {"uv": [0, 0, 1, 1], "rotation": 180, "texture": "#1"}
			}
		},
		{
			"from": [9.4, 15.9, 8.4],
			"to": [11.1, 16.6, 9.6],
			"rotation": {"angle": -22.5, "axis": "y", "origin": [8.175, 16.26, 8.0473]},
			"faces": {
				"north": {"uv": [0, 0, 1.5, 0.5], "rotation": 180, "texture": "#1"},
				"east": {"uv": [0, 0, 0.5, 1], "rotation": 270, "texture": "#1"},
				"south": {"uv": [0, 0, 1.5, 0.5], "texture": "#1"},
				"west": {"uv": [0, 0, 0.5, 1], "rotation": 90, "texture": "#1"},
				"up": {"uv": [0, 0, 1.5, 1], "rotation": 180, "texture": "#1"},
				"down": {"uv": [0, 0, 1.5, 1], "texture": "#1"}
			}
		},
		{
			"from": [8.91, 15.91, 8.41],
			"to": [9.59, 16.59, 9.09],
			"rotation": {"angle": -22.5, "axis": "y", "origin": [8.175, 16.26, 8.0473]},
			"faces": {
				"north": {"uv": [0, 0, 0.5, 0.5], "rotation": 180, "texture": "#1"},
				"east": {"uv": [0, 0, 0.5, 0.5], "rotation": 270, "texture": "#1"},
				"south": {"uv": [0, 0, 0.5, 0.5], "texture": "#1"},
				"west": {"uv": [0, 0, 0.5, 0.5], "rotation": 90, "texture": "#1"},
				"up": {"uv": [0, 0, 0.5, 0.5], "rotation": 180, "texture": "#1"},
				"down": {"uv": [0, 0, 0.5, 0.5], "texture": "#1"}
			}
		},
		{
			"from": [4.95, 15.95, 8.95],
			"to": [9.55, 16.55, 9.55],
			"rotation": {"angle": -22.5, "axis": "y", "origin": [8.175, 16.26, 8.0473]},
			"faces": {
				"north": {"uv": [7, 3, 16, 4], "rotation": 180, "texture": "#1"},
				"east": {"uv": [0, 0, 1, 1], "rotation": 270, "texture": "#1"},
				"south": {"uv": [0, 3, 9, 4], "texture": "#1"},
				"west": {"uv": [0, 0, 1, 1], "rotation": 90, "texture": "#1"},
				"up": {"uv": [0, 0, 9, 1], "rotation": 180, "texture": "#1"},
				"down": {"uv": [7, 2, 16, 3], "rotation": 180, "texture": "#1"}
			}
		},
		{
			"from": [2.5, 16, 8.75],
			"to": [5.5, 16.5, 9.25],
			"rotation": {"angle": -22.5, "axis": "y", "origin": [8.175, 16.26, 8.0473]},
			"faces": {
				"north": {"uv": [10, 14, 16, 15], "texture": "#1"},
				"east": {"uv": [1.5, 15, 2.5, 16], "rotation": 90, "texture": "#1"},
				"south": {"uv": [10, 15, 16, 16], "texture": "#1"},
				"west": {"uv": [1.5, 15, 2.5, 16], "rotation": 90, "texture": "#1"},
				"up": {"uv": [0, 11, 6, 12], "rotation": 180, "texture": "#1"},
				"down": {"uv": [0, 15, 6, 16], "rotation": 180, "texture": "#1"}
			}
		},
		{
			"from": [2.5, 16, 8.25],
			"to": [3.7, 16.5, 8.75],
			"rotation": {"angle": -22.5, "axis": "y", "origin": [8.175, 16.26, 8.0473]},
			"faces": {
				"north": {"uv": [14, 12.5, 16, 13.5], "rotation": 180, "texture": "#1"},
				"east": {"uv": [3, 15, 4, 16], "rotation": 90, "texture": "#1"},
				"south": {"uv": [0, 12.5, 2, 13.5], "rotation": 180, "texture": "#1"},
				"west": {"uv": [3, 15, 4, 16], "rotation": 90, "texture": "#1"},
				"up": {"uv": [0, 12.5, 2, 13.5], "rotation": 180, "texture": "#1"},
				"down": {"uv": [0, 12.5, 2, 13.5], "rotation": 180, "texture": "#1"}
			}
		},
		{
			"from": [5.82141, 16.01, 2.86879],
			"to": [6.30141, 16.49, 5.34879],
			"rotation": {"angle": 45, "axis": "y", "origin": [8.175, 16.26, 8.0473]},
			"faces": {
				"north": {"uv": [5, 13, 6, 14], "rotation": 90, "texture": "#1"},
				"east": {"uv": [11, 15, 16, 16], "rotation": 180, "texture": "#1"},
				"south": {"uv": [5, 13, 6, 14], "rotation": 90, "texture": "#1"},
				"west": {"uv": [11, 14, 16, 15], "rotation": 180, "texture": "#1"},
				"up": {"uv": [11, 15, 16, 16], "rotation": 180, "texture": "#1"},
				"down": {"uv": [11, 15, 16, 16], "rotation": 180, "texture": "#1"}
			}
		},
		{
			"from": [4.96, 15.96, 8.46],
			"to": [9.04, 16.54, 9.04],
			"rotation": {"angle": -22.5, "axis": "y", "origin": [8.175, 16.26, 8.0473]},
			"faces": {
				"north": {"uv": [0, 0, 4, 0.5], "rotation": 180, "texture": "#1"},
				"east": {"uv": [0, 0, 0.5, 0.5], "rotation": 270, "texture": "#1"},
				"south": {"uv": [0, 0, 4, 0.5], "texture": "#1"},
				"west": {"uv": [0, 0, 0.5, 0.5], "rotation": 90, "texture": "#1"},
				"up": {"uv": [8, 2, 16, 3], "rotation": 180, "texture": "#1"},
				"down": {"uv": [8, 0, 16, 1], "texture": "#1"}
			}
		},
		{
			"from": [7.5, 16, 7.5],
			"to": [8.5, 16.5, 8.5],
			"rotation": {"angle": -22.5, "axis": "y", "origin": [8.175, 16.26, 8.0473]},
			"faces": {
				"north": {"uv": [0, 0, 1, 0.5], "rotation": 180, "texture": "#1"},
				"east": {"uv": [0, 0, 0.5, 1], "rotation": 270, "texture": "#1"},
				"south": {"uv": [0, 0, 1, 0.5], "texture": "#1"},
				"west": {"uv": [0, 0, 0.5, 1], "rotation": 90, "texture": "#1"},
				"up": {"uv": [0, 0, 1, 1], "rotation": 180, "texture": "#1"},
				"down": {"uv": [0, 0, 1, 1], "texture": "#1"}
			}
		},
		{
			"from": [5.22172, 16, 5.97992],
			"to": [6.22172, 16.5, 8.47992],
			"rotation": {"angle": 0, "axis": "y", "origin": [8.175, 16.26, 8.0473]},
			"faces": {
				"north": {"uv": [14, 15, 16, 16], "rotation": 180, "texture": "#1"},
				"east": {"uv": [12, 11, 13, 16], "rotation": 90, "texture": "#1"},
				"south": {"uv": [0, 11, 2, 12], "texture": "#1"},
				"west": {"uv": [3, 11, 4, 16], "rotation": 90, "texture": "#1"},
				"up": {"uv": [0, 11, 2, 16], "rotation": 180, "texture": "#1"},
				"down": {"uv": [14, 11, 16, 16], "rotation": 180, "texture": "#1"}
			}
		},
		{
			"from": [8.42233, 16.02, 7.21424],
			"to": [9.40233, 16.5, 8.19424],
			"rotation": {"angle": 45, "axis": "y", "origin": [8.175, 16.26, 8.0473]},
			"faces": {
				"north": {"uv": [0, 0, 0.5, 1], "rotation": 90, "texture": "#1"},
				"east": {"uv": [0, 0, 1, 0.5], "rotation": 180, "texture": "#1"},
				"south": {"uv": [0, 0, 0.5, 1], "rotation": 270, "texture": "#1"},
				"west": {"uv": [0, 0, 1, 0.5], "texture": "#1"},
				"up": {"uv": [0, 0, 1, 1], "rotation": 270, "texture": "#1"},
				"down": {"uv": [0, 0, 1, 1], "rotation": 270, "texture": "#1"}
			}
		},
		{
			"from": [8.9901, 16.04, 6.80797],
			"to": [9.9501, 16.5, 7.76797],
			"rotation": {"angle": 22.5, "axis": "y", "origin": [8.175, 16.26, 8.0473]},
			"faces": {
				"north": {"uv": [0, 0, 0.5, 1], "rotation": 90, "texture": "#1"},
				"east": {"uv": [0, 0, 1, 0.5], "rotation": 180, "texture": "#1"},
				"south": {"uv": [0, 0, 0.5, 1], "rotation": 270, "texture": "#1"},
				"west": {"uv": [0, 0, 1, 0.5], "texture": "#1"},
				"up": {"uv": [0, 0, 1, 1], "rotation": 270, "texture": "#1"},
				"down": {"uv": [0, 0, 1, 1], "rotation": 270, "texture": "#1"}
			}
		},
		{
			"from": [11, 16, 8.75],
			"to": [14, 16.5, 9.25],
			"rotation": {"angle": -22.5, "axis": "y", "origin": [8.175, 16.26, 8.0473]},
			"faces": {
				"north": {"uv": [0, 0, 3, 1], "rotation": 180, "texture": "#1"},
				"east": {"uv": [0, 0, 1, 0.5], "rotation": 270, "texture": "#1"},
				"south": {"uv": [0, 0, 6, 1], "rotation": 180, "texture": "#1"},
				"west": {"uv": [0, 0, 6, 1], "rotation": 180, "texture": "#1"},
				"up": {"uv": [0, 0, 6, 1], "rotation": 180, "texture": "#1"},
				"down": {"uv": [0, 0, 6, 1], "rotation": 180, "texture": "#1"}
			}
		},
		{
			"from": [10.5, 16, 4.42362],
			"to": [13.5, 16.5, 4.92362],
			"rotation": {"angle": 0, "axis": "x", "origin": [11.4983, 19.82638, 10.25]},
			"faces": {
				"north": {"uv": [10, 6, 16, 7], "rotation": 180, "texture": "#1"},
				"east": {"uv": [0, 0, 1, 1], "rotation": 270, "texture": "#1"},
				"south": {"uv": [10, 2, 16, 3], "rotation": 180, "texture": "#1"},
				"west": {"uv": [3, 3, 4, 4], "rotation": 90, "texture": "#1"},
				"up": {"uv": [0, 2, 6, 3], "rotation": 180, "texture": "#1"},
				"down": {"uv": [0, 1, 6, 2], "rotation": 180, "texture": "#1"}
			}
		},
		{
			"from": [10.93543, 16.002, 3.302],
			"to": [11.43143, 16.498, 4.798],
			"rotation": {"angle": 22.5, "axis": "y", "origin": [11.18343, 16.25, 4.16105]},
			"faces": {
				"north": {"uv": [3, 15, 4, 16], "rotation": 180, "texture": "#1"},
				"east": {"uv": [10, 13, 11, 16], "rotation": 270, "texture": "#1"},
				"south": {"uv": [4, 15, 5, 16], "rotation": 180, "texture": "#1"},
				"west": {"uv": [15, 13, 16, 16], "rotation": 90, "texture": "#1"},
				"up": {"uv": [0, 13, 1, 16], "rotation": 180, "texture": "#1"},
				"down": {"uv": [2, 13, 3, 16], "rotation": 180, "texture": "#1"}
			}
		},
		{
			"from": [11.49459, 16.01, 3.93668],
			"to": [11.97459, 16.49, 4.01668],
			"rotation": {"angle": 0, "axis": "x", "origin": [11.4983, 19.82638, 10.25]},
			"faces": {
				"north": {"uv": [0, 0, 0.5, 0.5], "rotation": 180, "texture": "#1"},
				"east": {"uv": [0, 0, 0.5, 0.1], "rotation": 270, "texture": "#1"},
				"south": {"uv": [0, 0, 0.5, 0.5], "texture": "#1"},
				"west": {"uv": [0, 0, 0.5, 0.1], "rotation": 90, "texture": "#1"},
				"up": {"uv": [0, 0, 0.5, 0.1], "rotation": 180, "texture": "#1"},
				"down": {"uv": [0, 0, 0.5, 0.1], "texture": "#1"}
			}
		},
		{
			"from": [11.97459, 16.01, 3.93668],
			"to": [12.05459, 16.49, 4.41668],
			"rotation": {"angle": 0, "axis": "x", "origin": [11.4983, 19.82638, 10.25]},
			"faces": {
				"north": {"uv": [0, 0, 0.1, 0.5], "rotation": 180, "texture": "#1"},
				"east": {"uv": [0, 0, 0.5, 0.5], "rotation": 270, "texture": "#1"},
				"south": {"uv": [0, 0, 0.1, 0.5], "texture": "#1"},
				"west": {"uv": [0, 0, 0.5, 0.5], "rotation": 90, "texture": "#1"},
				"up": {"uv": [0, 0, 0.1, 0.5], "rotation": 180, "texture": "#1"},
				"down": {"uv": [0, 0, 0.1, 0.5], "texture": "#1"}
			}
		},
		{
			"from": [11.47684, 16.01, 4.06965],
			"to": [11.55684, 16.49, 4.54965],
			"rotation": {"angle": -22.5, "axis": "y", "origin": [11.51684, 16.25, 4.30965]},
			"faces": {
				"north": {"uv": [0, 0, 0.1, 0.5], "rotation": 180, "texture": "#1"},
				"east": {"uv": [0, 0, 0.5, 0.5], "rotation": 270, "texture": "#1"},
				"south": {"uv": [0, 0, 0.1, 0.5], "texture": "#1"},
				"west": {"uv": [0, 0, 0.5, 0.5], "rotation": 90, "texture": "#1"},
				"up": {"uv": [0, 0, 0.1, 0.5], "rotation": 180, "texture": "#1"},
				"down": {"uv": [0, 0, 0.1, 0.5], "texture": "#1"}
			}
		},
		{
			"from": [11.04836, 16.0102, 4.02568],
			"to": [11.52796, 16.4898, 4.10528],
			"rotation": {"angle": 22.5, "axis": "y", "origin": [11.28816, 16.25, 4.06548]},
			"faces": {
				"north": {"uv": [0, 0, 0.5, 0.5], "rotation": 180, "texture": "#1"},
				"east": {"uv": [0, 0, 0.5, 0.1], "rotation": 270, "texture": "#1"},
				"south": {"uv": [0, 0, 0.5, 0.5], "texture": "#1"},
				"west": {"uv": [0, 0, 0.5, 0.1], "rotation": 90, "texture": "#1"},
				"up": {"uv": [0, 0, 0.5, 0.1], "rotation": 180, "texture": "#1"},
				"down": {"uv": [0, 0, 0.5, 0.1], "texture": "#1"}
			}
		},
		{
			"from": [3.5, 16, 12.42362],
			"to": [6.5, 16.5, 12.92362],
			"rotation": {"angle": 0, "axis": "x", "origin": [4.4983, 19.82638, 18.25]},
			"faces": {
				"north": {"uv": [10, 6, 16, 7], "rotation": 180, "texture": "#1"},
				"east": {"uv": [0, 0, 1, 1], "rotation": 270, "texture": "#1"},
				"south": {"uv": [10, 2, 16, 3], "rotation": 180, "texture": "#1"},
				"west": {"uv": [3, 3, 4, 4], "rotation": 90, "texture": "#1"},
				"up": {"uv": [0, 2, 6, 3], "rotation": 180, "texture": "#1"},
				"down": {"uv": [0, 1, 6, 2], "rotation": 180, "texture": "#1"}
			}
		},
		{
			"from": [3.93543, 16.002, 11.302],
			"to": [4.43143, 16.498, 12.798],
			"rotation": {"angle": 22.5, "axis": "y", "origin": [4.18343, 16.25, 12.16105]},
			"faces": {
				"north": {"uv": [3, 15, 4, 16], "rotation": 180, "texture": "#1"},
				"east": {"uv": [10, 13, 11, 16], "rotation": 270, "texture": "#1"},
				"south": {"uv": [4, 15, 5, 16], "rotation": 180, "texture": "#1"},
				"west": {"uv": [15, 13, 16, 16], "rotation": 90, "texture": "#1"},
				"up": {"uv": [0, 13, 1, 16], "rotation": 180, "texture": "#1"},
				"down": {"uv": [2, 13, 3, 16], "rotation": 180, "texture": "#1"}
			}
		},
		{
			"from": [4.49459, 16.01, 11.93668],
			"to": [4.97459, 16.49, 12.01668],
			"rotation": {"angle": 0, "axis": "x", "origin": [4.4983, 19.82638, 18.25]},
			"faces": {
				"north": {"uv": [0, 0, 0.5, 0.5], "rotation": 180, "texture": "#1"},
				"east": {"uv": [0, 0, 0.5, 0.1], "rotation": 270, "texture": "#1"},
				"south": {"uv": [0, 0, 0.5, 0.5], "texture": "#1"},
				"west": {"uv": [0, 0, 0.5, 0.1], "rotation": 90, "texture": "#1"},
				"up": {"uv": [0, 0, 0.5, 0.1], "rotation": 180, "texture": "#1"},
				"down": {"uv": [0, 0, 0.5, 0.1], "texture": "#1"}
			}
		},
		{
			"from": [4.97459, 16.01, 11.93668],
			"to": [5.05459, 16.49, 12.41668],
			"rotation": {"angle": 0, "axis": "x", "origin": [4.4983, 19.82638, 18.25]},
			"faces": {
				"north": {"uv": [0, 0, 0.1, 0.5], "rotation": 180, "texture": "#1"},
				"east": {"uv": [0, 0, 0.5, 0.5], "rotation": 270, "texture": "#1"},
				"south": {"uv": [0, 0, 0.1, 0.5], "texture": "#1"},
				"west": {"uv": [0, 0, 0.5, 0.5], "rotation": 90, "texture": "#1"},
				"up": {"uv": [0, 0, 0.1, 0.5], "rotation": 180, "texture": "#1"},
				"down": {"uv": [0, 0, 0.1, 0.5], "texture": "#1"}
			}
		},
		{
			"from": [4.47684, 16.01, 12.06965],
			"to": [4.55684, 16.49, 12.54965],
			"rotation": {"angle": -22.5, "axis": "y", "origin": [4.51684, 16.25, 12.30965]},
			"faces": {
				"north": {"uv": [0, 0, 0.1, 0.5], "rotation": 180, "texture": "#1"},
				"east": {"uv": [0, 0, 0.5, 0.5], "rotation": 270, "texture": "#1"},
				"south": {"uv": [0, 0, 0.1, 0.5], "texture": "#1"},
				"west": {"uv": [0, 0, 0.5, 0.5], "rotation": 90, "texture": "#1"},
				"up": {"uv": [0, 0, 0.1, 0.5], "rotation": 180, "texture": "#1"},
				"down": {"uv": [0, 0, 0.1, 0.5], "texture": "#1"}
			}
		},
		{
			"from": [4.04836, 16.0102, 12.02568],
			"to": [4.52796, 16.4898, 12.10528],
			"rotation": {"angle": 22.5, "axis": "y", "origin": [4.28816, 16.25, 12.06548]},
			"faces": {
				"north": {"uv": [0, 0, 0.5, 0.5], "rotation": 180, "texture": "#1"},
				"east": {"uv": [0, 0, 0.5, 0.1], "rotation": 270, "texture": "#1"},
				"south": {"uv": [0, 0, 0.5, 0.5], "texture": "#1"},
				"west": {"uv": [0, 0, 0.5, 0.1], "rotation": 90, "texture": "#1"},
				"up": {"uv": [0, 0, 0.5, 0.1], "rotation": 180, "texture": "#1"},
				"down": {"uv": [0, 0, 0.5, 0.1], "texture": "#1"}
			}
		},
		{
			"from": [11, 11.5, -0.5],
			"to": [12, 12, 0],
			"rotation": {"angle": 0, "axis": "y", "origin": [11.5, 11.5, -0.5]},
			"faces": {
				"north": {"uv": [12, 2, 16, 4], "texture": "#1"},
				"east": {"uv": [0, 3, 1, 4], "texture": "#1"},
				"south": {"uv": [0, 0, 4, 2], "texture": "#1"},
				"west": {"uv": [0, 3, 1, 4], "texture": "#1"},
				"up": {"uv": [12, 3, 16, 5], "texture": "#1"},
				"down": {"uv": [12, 0, 16, 2], "texture": "#1"}
			}
		},
		{
			"from": [11.25, 9.5, -0.5],
			"to": [11.75, 11.5, 0],
			"rotation": {"angle": 0, "axis": "y", "origin": [11.5, 11.5, -0.5]},
			"faces": {
				"north": {"uv": [15, 12, 16, 16], "texture": "#1"},
				"east": {"uv": [4, 12, 5, 16], "texture": "#1"},
				"south": {"uv": [0, 12, 1, 16], "texture": "#1"},
				"west": {"uv": [6, 12, 7, 16], "texture": "#1"},
				"up": {"uv": [3, 13, 4, 14], "texture": "#1"},
				"down": {"uv": [3, 13, 4, 14], "texture": "#1"}
			}
		},
		{
			"from": [11.2, 7.45, -0.55],
			"to": [11.8, 9.55, 0.05],
			"rotation": {"angle": 0, "axis": "y", "origin": [11.5, 11.5, -0.5]},
			"faces": {
				"north": {"uv": [2, 12, 3, 16], "texture": "#1"},
				"east": {"uv": [15, 12, 16, 16], "texture": "#1"},
				"south": {"uv": [0, 12, 1, 16], "texture": "#1"},
				"west": {"uv": [14, 12, 15, 16], "texture": "#1"},
				"up": {"uv": [6, 13, 7, 14], "texture": "#1"},
				"down": {"uv": [6, 13, 7, 14], "texture": "#1"}
			}
		},
		{
			"from": [9.9, 11.5, -0.5],
			"to": [10.2, 12, 0],
			"rotation": {"angle": 0, "axis": "x", "origin": [10.5, 11.75, -0.25]},
			"faces": {
				"north": {"uv": [0, 0, 1, 1], "rotation": 180, "texture": "#1"},
				"east": {"uv": [0, 0, 1, 1], "rotation": 180, "texture": "#1"},
				"south": {"uv": [0, 0, 1, 1], "rotation": 180, "texture": "#1"},
				"west": {"uv": [0, 0, 1, 1], "rotation": 180, "texture": "#1"},
				"up": {"uv": [0, 0, 1, 1], "rotation": 180, "texture": "#1"},
				"down": {"uv": [0, 0, 1, 1], "rotation": 180, "texture": "#1"}
			}
		},
		{
			"from": [10.2, 11.55, -0.45],
			"to": [11, 11.95, -0.05],
			"rotation": {"angle": 0, "axis": "x", "origin": [10.5, 11.75, -0.25]},
			"faces": {
				"north": {"uv": [0, 4, 4, 6], "rotation": 180, "texture": "#1"},
				"east": {"uv": [0, 0, 1, 1], "rotation": 180, "texture": "#1"},
				"south": {"uv": [0, 0, 4, 2], "rotation": 180, "texture": "#1"},
				"west": {"uv": [0, 0, 1, 1], "rotation": 180, "texture": "#1"},
				"up": {"uv": [12, 7, 16, 9], "rotation": 180, "texture": "#1"},
				"down": {"uv": [12, 1, 16, 3], "rotation": 180, "texture": "#1"}
			}
		},
		{
			"from": [11.86727, 11.32869, -0.499],
			"to": [12.36527, 11.82669, -0.001],
			"rotation": {"angle": -22.5, "axis": "z", "origin": [12.36627, 11.57769, -0.25]},
			"faces": {
				"north": {"uv": [1.5, 3, 3.5, 5], "texture": "#1"},
				"east": {"uv": [2, 2, 4, 4], "texture": "#1"},
				"south": {"uv": [4, 5, 6, 7], "texture": "#1"},
				"west": {"uv": [11, 3, 13, 5], "texture": "#1"},
				"up": {"uv": [9, 3, 11, 5], "texture": "#1"},
				"down": {"uv": [9.5, 4, 11.5, 6], "texture": "#1"}
			}
		},
		{
			"from": [12.36727, 11.32869, -0.099],
			"to": [12.86527, 11.82669, -0.001],
			"rotation": {"angle": -22.5, "axis": "z", "origin": [12.36627, 11.57769, -0.25]},
			"faces": {
				"north": {"uv": [14, 3, 16, 5], "texture": "#1"},
				"east": {"uv": [0, 0, 0.1, 0.5], "texture": "#1"},
				"south": {"uv": [0, 0, 2, 2], "texture": "#1"},
				"west": {"uv": [0, 0, 0.1, 0.5], "texture": "#1"},
				"up": {"uv": [0, 0, 0.5, 0.1], "texture": "#1"},
				"down": {"uv": [0, 0, 0.5, 0.1], "texture": "#1"}
			}
		},
		{
			"from": [12.36727, 11.32869, -0.499],
			"to": [12.86527, 11.82669, -0.401],
			"rotation": {"angle": -22.5, "axis": "z", "origin": [12.36627, 11.57769, -0.25]},
			"faces": {
				"north": {"uv": [14, 3, 16, 5], "texture": "#1"},
				"east": {"uv": [0, 0, 0.1, 0.5], "texture": "#1"},
				"south": {"uv": [0, 0, 2, 2], "texture": "#1"},
				"west": {"uv": [0, 0, 0.1, 0.5], "texture": "#1"},
				"up": {"uv": [0, 0, 0.5, 0.1], "texture": "#1"},
				"down": {"uv": [0, 0, 0.5, 0.1], "texture": "#1"}
			}
		},
		{
			"from": [11, 11.5, 16],
			"to": [12, 12, 16.5],
			"rotation": {"angle": 0, "axis": "y", "origin": [11.5, 11.5, 16]},
			"faces": {
				"north": {"uv": [12, 2, 16, 4], "texture": "#1"},
				"east": {"uv": [0, 3, 1, 4], "texture": "#1"},
				"south": {"uv": [0, 0, 4, 2], "texture": "#1"},
				"west": {"uv": [0, 3, 1, 4], "texture": "#1"},
				"up": {"uv": [12, 3, 16, 5], "texture": "#1"},
				"down": {"uv": [12, 0, 16, 2], "texture": "#1"}
			}
		},
		{
			"from": [11.25, 9.5, 16],
			"to": [11.75, 11.5, 16.5],
			"rotation": {"angle": 0, "axis": "y", "origin": [11.5, 11.5, 16]},
			"faces": {
				"north": {"uv": [15, 12, 16, 16], "texture": "#1"},
				"east": {"uv": [4, 12, 5, 16], "texture": "#1"},
				"south": {"uv": [0, 12, 1, 16], "texture": "#1"},
				"west": {"uv": [6, 12, 7, 16], "texture": "#1"},
				"up": {"uv": [3, 13, 4, 14], "texture": "#1"},
				"down": {"uv": [3, 13, 4, 14], "texture": "#1"}
			}
		},
		{
			"from": [11.2, 7.45, 15.95],
			"to": [11.8, 9.55, 16.55],
			"rotation": {"angle": 0, "axis": "y", "origin": [11.5, 11.5, 16]},
			"faces": {
				"north": {"uv": [2, 12, 3, 16], "texture": "#1"},
				"east": {"uv": [15, 12, 16, 16], "texture": "#1"},
				"south": {"uv": [0, 12, 1, 16], "texture": "#1"},
				"west": {"uv": [14, 12, 15, 16], "texture": "#1"},
				"up": {"uv": [6, 13, 7, 14], "texture": "#1"},
				"down": {"uv": [6, 13, 7, 14], "texture": "#1"}
			}
		},
		{
			"from": [9.9, 11.5, 16],
			"to": [10.2, 12, 16.5],
			"rotation": {"angle": 0, "axis": "x", "origin": [10.5, 11.75, 16.25]},
			"faces": {
				"north": {"uv": [0, 0, 1, 1], "rotation": 180, "texture": "#1"},
				"east": {"uv": [0, 0, 1, 1], "rotation": 180, "texture": "#1"},
				"south": {"uv": [0, 0, 1, 1], "rotation": 180, "texture": "#1"},
				"west": {"uv": [0, 0, 1, 1], "rotation": 180, "texture": "#1"},
				"up": {"uv": [0, 0, 1, 1], "rotation": 180, "texture": "#1"},
				"down": {"uv": [0, 0, 1, 1], "rotation": 180, "texture": "#1"}
			}
		},
		{
			"from": [10.2, 11.55, 16.05],
			"to": [11, 11.95, 16.45],
			"rotation": {"angle": 0, "axis": "x", "origin": [10.5, 11.75, 16.25]},
			"faces": {
				"north": {"uv": [0, 4, 4, 6], "rotation": 180, "texture": "#1"},
				"east": {"uv": [0, 0, 1, 1], "rotation": 180, "texture": "#1"},
				"south": {"uv": [0, 0, 4, 2], "rotation": 180, "texture": "#1"},
				"west": {"uv": [0, 0, 1, 1], "rotation": 180, "texture": "#1"},
				"up": {"uv": [12, 7, 16, 9], "rotation": 180, "texture": "#1"},
				"down": {"uv": [12, 1, 16, 3], "rotation": 180, "texture": "#1"}
			}
		},
		{
			"from": [11.86727, 11.32869, 16.001],
			"to": [12.36527, 11.82669, 16.499],
			"rotation": {"angle": -22.5, "axis": "z", "origin": [12.36627, 11.57769, 16.25]},
			"faces": {
				"north": {"uv": [1.5, 3, 3.5, 5], "texture": "#1"},
				"east": {"uv": [2, 2, 4, 4], "texture": "#1"},
				"south": {"uv": [4, 5, 6, 7], "texture": "#1"},
				"west": {"uv": [11, 3, 13, 5], "texture": "#1"},
				"up": {"uv": [9, 3, 11, 5], "texture": "#1"},
				"down": {"uv": [9.5, 4, 11.5, 6], "texture": "#1"}
			}
		},
		{
			"from": [12.36727, 11.32869, 16.401],
			"to": [12.86527, 11.82669, 16.499],
			"rotation": {"angle": -22.5, "axis": "z", "origin": [12.36627, 11.57769, 16.25]},
			"faces": {
				"north": {"uv": [14, 3, 16, 5], "texture": "#1"},
				"east": {"uv": [0, 0, 0.1, 0.5], "texture": "#1"},
				"south": {"uv": [0, 0, 2, 2], "texture": "#1"},
				"west": {"uv": [0, 0, 0.1, 0.5], "texture": "#1"},
				"up": {"uv": [0, 0, 0.5, 0.1], "texture": "#1"},
				"down": {"uv": [0, 0, 0.5, 0.1], "texture": "#1"}
			}
		},
		{
			"from": [12.36727, 11.32869, 16.001],
			"to": [12.86527, 11.82669, 16.099],
			"rotation": {"angle": -22.5, "axis": "z", "origin": [12.36627, 11.57769, 16.25]},
			"faces": {
				"north": {"uv": [14, 3, 16, 5], "texture": "#1"},
				"east": {"uv": [0, 0, 0.1, 0.5], "texture": "#1"},
				"south": {"uv": [0, 0, 2, 2], "texture": "#1"},
				"west": {"uv": [0, 0, 0.1, 0.5], "texture": "#1"},
				"up": {"uv": [0, 0, 0.5, 0.1], "texture": "#1"},
				"down": {"uv": [0, 0, 0.5, 0.1], "texture": "#1"}
			}
		},
		{
			"from": [-0.5, 13.00314, 3.7479],
			"to": [0, 13.50314, 4.2479],
			"rotation": {"angle": -22.5, "axis": "x", "origin": [-0.25, 12.62762, 3.87552]},
			"faces": {
				"north": {"uv": [7, 4, 8, 5], "rotation": 90, "texture": "#1"},
				"east": {"uv": [3, 4, 4, 5], "rotation": 90, "texture": "#1"},
				"south": {"uv": [3, 4, 4, 5], "rotation": 90, "texture": "#1"},
				"west": {"uv": [7, 0, 8, 1], "rotation": 90, "texture": "#1"},
				"up": {"uv": [15, 0, 16, 1], "rotation": 90, "texture": "#1"},
				"down": {"uv": [15, 7.5, 16, 8.5], "rotation": 90, "texture": "#1"}
			}
		},
		{
			"from": [-0.49, 3.89765, 9.93257],
			"to": [-0.01, 8.87765, 10.91257],
			"rotation": {"angle": 0, "axis": "x", "origin": [-0.25, 12.62762, 3.87552]},
			"faces": {
				"north": {"uv": [12, 0, 13, 10], "texture": "#1"},
				"east": {"uv": [6, 6, 16, 8], "rotation": 90, "texture": "#1"},
				"south": {"uv": [14, 0, 15, 10], "texture": "#1"},
				"west": {"uv": [6, 9, 16, 11], "rotation": 90, "texture": "#1"},
				"up": {"uv": [0, 0, 1, 2], "rotation": 180, "texture": "#1"},
				"down": {"uv": [0, 0, 1, 2], "texture": "#1"}
			}
		},
		{
			"from": [-0.52, 8.36765, 10.90257],
			"to": [0.02, 10.40765, 11.44257],
			"rotation": {"angle": 0, "axis": "x", "origin": [-0.25, 12.62762, 3.87552]},
			"faces": {
				"north": {"uv": [14, 0, 15, 4], "texture": "#1"},
				"east": {"uv": [0, 4, 4, 5], "rotation": 90, "texture": "#1"},
				"south": {"uv": [15, 0, 16, 4], "texture": "#1"},
				"west": {"uv": [0, 5, 4, 6], "rotation": 90, "texture": "#1"},
				"up": {"uv": [0, 0, 1, 1], "rotation": 180, "texture": "#1"},
				"down": {"uv": [0, 0, 1, 1], "texture": "#1"}
			}
		},
		{
			"from": [-0.52, 8.36765, 9.40257],
			"to": [0.02, 10.40765, 9.94257],
			"rotation": {"angle": 0, "axis": "x", "origin": [-0.25, 12.62762, 3.87552]},
			"faces": {
				"north": {"uv": [14, 0, 15, 4], "texture": "#1"},
				"east": {"uv": [0, 4, 4, 5], "rotation": 90, "texture": "#1"},
				"south": {"uv": [15, 0, 16, 4], "texture": "#1"},
				"west": {"uv": [0, 5, 4, 6], "rotation": 90, "texture": "#1"},
				"up": {"uv": [0, 0, 1, 1], "rotation": 180, "texture": "#1"},
				"down": {"uv": [0, 0, 1, 1], "texture": "#1"}
			}
		},
		{
			"from": [-0.49, 8.39765, 3.43257],
			"to": [-0.01, 13.37765, 4.41257],
			"rotation": {"angle": 0, "axis": "x", "origin": [-0.25, 12.62762, 3.87552]},
			"faces": {
				"north": {"uv": [6, 0, 16, 2], "rotation": 270, "texture": "#1"},
				"east": {"uv": [6, 4, 16, 6], "rotation": 270, "texture": "#1"},
				"south": {"uv": [0, 2, 10, 4], "rotation": 90, "texture": "#1"},
				"west": {"uv": [0, 4, 10, 6], "rotation": 90, "texture": "#1"},
				"up": {"uv": [2, 7, 3, 9], "rotation": 180, "texture": "#1"},
				"down": {"uv": [15, 7, 16, 9], "rotation": 180, "texture": "#1"}
			}
		},
		{
			"from": [-0.5, 13.00314, 4.2479],
			"to": [0, 14.50314, 4.7479],
			"rotation": {"angle": -22.5, "axis": "x", "origin": [-0.25, 12.62762, 3.87552]},
			"faces": {
				"north": {"uv": [15, 8, 16, 11], "rotation": 180, "texture": "#1"},
				"east": {"uv": [2, 7, 5, 8], "rotation": 90, "texture": "#1"},
				"south": {"uv": [15, 0, 16, 3], "rotation": 180, "texture": "#1"},
				"west": {"uv": [0, 7, 3, 8], "rotation": 90, "texture": "#1"},
				"up": {"uv": [0, 0, 1, 1], "rotation": 180, "texture": "#1"},
				"down": {"uv": [2, 1, 3, 2], "texture": "#1"}
			}
		},
		{
			"from": [-0.5, 13.00314, 3.2479],
			"to": [0, 14.50314, 3.7479],
			"rotation": {"angle": -22.5, "axis": "x", "origin": [-0.25, 12.62762, 3.87552]},
			"faces": {
				"north": {"uv": [15, 8, 16, 11], "rotation": 180, "texture": "#1"},
				"east": {"uv": [2, 7, 5, 8], "rotation": 90, "texture": "#1"},
				"south": {"uv": [15, 0, 16, 3], "rotation": 180, "texture": "#1"},
				"west": {"uv": [0, 7, 3, 8], "rotation": 90, "texture": "#1"},
				"up": {"uv": [0, 0, 1, 1], "rotation": 180, "texture": "#1"},
				"down": {"uv": [2, 1, 3, 2], "texture": "#1"}
			}
		},
		{
			"from": [16, 13.00314, 3.7479],
			"to": [16.5, 13.50314, 4.2479],
			"rotation": {"angle": -22.5, "axis": "x", "origin": [16.25, 12.62762, 3.87552]},
			"faces": {
				"north": {"uv": [7, 4, 8, 5], "rotation": 90, "texture": "#1"},
				"east": {"uv": [3, 4, 4, 5], "rotation": 90, "texture": "#1"},
				"south": {"uv": [3, 4, 4, 5], "rotation": 90, "texture": "#1"},
				"west": {"uv": [7, 0, 8, 1], "rotation": 90, "texture": "#1"},
				"up": {"uv": [15, 0, 16, 1], "rotation": 90, "texture": "#1"},
				"down": {"uv": [15, 7.5, 16, 8.5], "rotation": 90, "texture": "#1"}
			}
		},
		{
			"from": [16.01, 3.89765, 9.93257],
			"to": [16.49, 8.87765, 10.91257],
			"rotation": {"angle": 0, "axis": "x", "origin": [16.25, 12.62762, 3.87552]},
			"faces": {
				"north": {"uv": [12, 0, 13, 10], "texture": "#1"},
				"east": {"uv": [6, 6, 16, 8], "rotation": 90, "texture": "#1"},
				"south": {"uv": [14, 0, 15, 10], "texture": "#1"},
				"west": {"uv": [6, 9, 16, 11], "rotation": 90, "texture": "#1"},
				"up": {"uv": [0, 0, 1, 2], "rotation": 180, "texture": "#1"},
				"down": {"uv": [0, 0, 1, 2], "texture": "#1"}
			}
		},
		{
			"from": [15.98, 8.36765, 10.90257],
			"to": [16.52, 10.40765, 11.44257],
			"rotation": {"angle": 0, "axis": "x", "origin": [16.25, 12.62762, 3.87552]},
			"faces": {
				"north": {"uv": [14, 0, 15, 4], "texture": "#1"},
				"east": {"uv": [0, 4, 4, 5], "rotation": 90, "texture": "#1"},
				"south": {"uv": [15, 0, 16, 4], "texture": "#1"},
				"west": {"uv": [0, 5, 4, 6], "rotation": 90, "texture": "#1"},
				"up": {"uv": [0, 0, 1, 1], "rotation": 180, "texture": "#1"},
				"down": {"uv": [0, 0, 1, 1], "texture": "#1"}
			}
		},
		{
			"from": [15.98, 8.36765, 9.40257],
			"to": [16.52, 10.40765, 9.94257],
			"rotation": {"angle": 0, "axis": "x", "origin": [16.25, 12.62762, 3.87552]},
			"faces": {
				"north": {"uv": [14, 0, 15, 4], "texture": "#1"},
				"east": {"uv": [0, 4, 4, 5], "rotation": 90, "texture": "#1"},
				"south": {"uv": [15, 0, 16, 4], "texture": "#1"},
				"west": {"uv": [0, 5, 4, 6], "rotation": 90, "texture": "#1"},
				"up": {"uv": [0, 0, 1, 1], "rotation": 180, "texture": "#1"},
				"down": {"uv": [0, 0, 1, 1], "texture": "#1"}
			}
		},
		{
			"from": [16.01, 8.39765, 3.43257],
			"to": [16.49, 13.37765, 4.41257],
			"rotation": {"angle": 0, "axis": "x", "origin": [16.25, 12.62762, 3.87552]},
			"faces": {
				"north": {"uv": [6, 0, 16, 2], "rotation": 270, "texture": "#1"},
				"east": {"uv": [6, 4, 16, 6], "rotation": 270, "texture": "#1"},
				"south": {"uv": [0, 2, 10, 4], "rotation": 90, "texture": "#1"},
				"west": {"uv": [0, 4, 10, 6], "rotation": 90, "texture": "#1"},
				"up": {"uv": [2, 7, 3, 9], "rotation": 180, "texture": "#1"},
				"down": {"uv": [15, 7, 16, 9], "rotation": 180, "texture": "#1"}
			}
		},
		{
			"from": [16, 13.00314, 4.2479],
			"to": [16.5, 14.50314, 4.7479],
			"rotation": {"angle": -22.5, "axis": "x", "origin": [16.25, 12.62762, 3.87552]},
			"faces": {
				"north": {"uv": [15, 8, 16, 11], "rotation": 180, "texture": "#1"},
				"east": {"uv": [2, 7, 5, 8], "rotation": 90, "texture": "#1"},
				"south": {"uv": [15, 0, 16, 3], "rotation": 180, "texture": "#1"},
				"west": {"uv": [0, 7, 3, 8], "rotation": 90, "texture": "#1"},
				"up": {"uv": [0, 0, 1, 1], "rotation": 180, "texture": "#1"},
				"down": {"uv": [2, 1, 3, 2], "texture": "#1"}
			}
		},
		{
			"from": [16, 13.00314, 3.2479],
			"to": [16.5, 14.50314, 3.7479],
			"rotation": {"angle": -22.5, "axis": "x", "origin": [16.25, 12.62762, 3.87552]},
			"faces": {
				"north": {"uv": [15, 8, 16, 11], "rotation": 180, "texture": "#1"},
				"east": {"uv": [2, 7, 5, 8], "rotation": 90, "texture": "#1"},
				"south": {"uv": [15, 0, 16, 3], "rotation": 180, "texture": "#1"},
				"west": {"uv": [0, 7, 3, 8], "rotation": 90, "texture": "#1"},
				"up": {"uv": [0, 0, 1, 1], "rotation": 180, "texture": "#1"},
				"down": {"uv": [2, 1, 3, 2], "texture": "#1"}
			}
		}
	],
	"groups": [
		0,
		{
			"name": "group",
			"origin": [11.4983, 19.82638, 10.25],
			"color": 0,
			"children": [1, 2, 3, 4, 5, 6, 7, 8, 9, 10, 11, 12, 13]
		},
		{
			"name": "group",
			"origin": [11.28816, 12.14186, -0.25],
			"color": 0,
			"children": [14, 15, 16, 17, 18, 19]
		},
		{
			"name": "group",
			"origin": [11.28816, 12.14186, -0.25],
			"color": 0,
			"children": [20, 21, 22, 23, 24, 25]
		},
		{
			"name": "group",
			"origin": [8, 8, 8],
			"color": 0,
			"children": [26, 27, 28, 29, 30, 31, 32, 33]
		},
		{
			"name": "group",
			"origin": [8, 8, 8],
			"color": 0,
			"children": [34, 35, 36, 37, 38, 39, 40, 41]
		},
		{
			"name": "group",
			"origin": [8, 8, 8],
			"color": 0,
			"children": [42, 43, 44, 45, 46, 47, 48]
		},
		{
			"name": "group",
			"origin": [8, 8, 8],
			"color": 0,
			"children": [49, 50, 51, 52, 53, 54, 55]
		}
	]
}